<?xml version="1.0" encoding="ISO-8859-1"?>
<Vehicle menyoo_ver="0.9998751b">
	<ModelHash>0x1fd824af</ModelHash>
	<InitialHandle>106349</InitialHandle>
	<VehicleProperties>
		<Colours>
			<Primary>132</Primary>
			<Secondary>132</Secondary>
			<Pearl>0</Pearl>
			<Rim>0</Rim>
			<Mod1_a>654268200</Mod1_a>
			<Mod1_b>32758</Mod1_b>
			<Mod1_c>9000000</Mod1_c>
			<Mod2_a>36</Mod2_a>
			<Mod2_b>65536</Mod2_b>
			<IsPrimaryColourCustom>false</IsPrimaryColourCustom>
			<IsSecondaryColourCustom>false</IsSecondaryColourCustom>
			<tyreSmoke_R>255</tyreSmoke_R>
			<tyreSmoke_G>255</tyreSmoke_G>
			<tyreSmoke_B>255</tyreSmoke_B>
			<LrInterior>0</LrInterior>
			<LrDashboard>0</LrDashboard>
		</Colours>
		<Livery>-1</Livery>
		<NumberPlateText> MENYOO </NumberPlateText>
		<NumberPlateIndex>5</NumberPlateIndex>
		<WheelType>4</WheelType>
		<WheelsInvisible>false</WheelsInvisible>
		<EngineSoundName></EngineSoundName>
		<WindowTint>1</WindowTint>
		<BulletProofTyres>true</BulletProofTyres>
		<DirtLevel>7.90667254e-05</DirtLevel>
		<PaintFade>0.298039228</PaintFade>
		<RoofState>0</RoofState>
		<SirenActive>false</SirenActive>
		<EngineOn>true</EngineOn>
		<EngineHealth>2000</EngineHealth>
		<LightsOn>true</LightsOn>
		<IsRadioLoud>0</IsRadioLoud>
		<LockStatus>1</LockStatus>
		<Neons>
			<Left>false</Left>
			<Right>false</Right>
			<Front>false</Front>
			<Back>false</Back>
			<R>255</R>
			<G>0</G>
			<B>255</B>
		</Neons>
		<ModExtras />
		<Mods>
			<_0>-1,0</_0>
			<_1>-1,0</_1>
			<_2>-1,0</_2>
			<_3>-1,0</_3>
			<_4>-1,0</_4>
			<_5>-1,0</_5>
			<_6>-1,0</_6>
			<_7>-1,0</_7>
			<_8>-1,0</_8>
			<_9>-1,0</_9>
			<_10>-1,0</_10>
			<_11>-1,0</_11>
			<_12>-1,0</_12>
			<_13>-1,0</_13>
			<_14>-1,0</_14>
			<_15>-1,0</_15>
			<_16>-1,0</_16>
			<_17>false</_17>
			<_18>true</_18>
			<_19>false</_19>
			<_20>true</_20>
			<_21>false</_21>
			<_22>true</_22>
			<_23>-1,0</_23>
			<_24>-1,0</_24>
			<_25>-1,0</_25>
			<_26>-1,0</_26>
			<_27>-1,0</_27>
			<_28>-1,0</_28>
			<_29>-1,0</_29>
			<_30>-1,0</_30>
			<_31>-1,0</_31>
			<_32>-1,0</_32>
			<_33>-1,0</_33>
			<_34>-1,0</_34>
			<_35>-1,0</_35>
			<_36>-1,0</_36>
			<_37>-1,0</_37>
			<_38>-1,0</_38>
			<_39>-1,0</_39>
			<_40>-1,0</_40>
			<_41>-1,0</_41>
			<_42>-1,0</_42>
			<_43>-1,0</_43>
			<_44>-1,0</_44>
			<_45>-1,0</_45>
			<_46>-1,0</_46>
			<_47>-1,0</_47>
			<_48>-1,0</_48>
		</Mods>
		<DoorsOpen>
			<BackLeftDoor>false</BackLeftDoor>
			<BackRightDoor>false</BackRightDoor>
			<FrontLeftDoor>false</FrontLeftDoor>
			<FrontRightDoor>false</FrontRightDoor>
			<Hood>false</Hood>
			<Trunk>false</Trunk>
			<Trunk2>false</Trunk2>
		</DoorsOpen>
		<DoorsBroken>
			<BackLeftDoor>false</BackLeftDoor>
			<BackRightDoor>false</BackRightDoor>
			<FrontLeftDoor>false</FrontLeftDoor>
			<FrontRightDoor>false</FrontRightDoor>
			<Hood>false</Hood>
			<Trunk>false</Trunk>
			<Trunk2>false</Trunk2>
		</DoorsBroken>
		<TyresBursted>
			<FrontLeft>false</FrontLeft>
			<FrontRight>false</FrontRight>
			<_2>false</_2>
			<_3>false</_3>
			<BackLeft>false</BackLeft>
			<BackRight>false</BackRight>
			<_6>false</_6>
			<_7>false</_7>
			<_8>false</_8>
		</TyresBursted>
		<RpmMultiplier>1</RpmMultiplier>
		<TorqueMultiplier>1</TorqueMultiplier>
		<HeadlightIntensity>1</HeadlightIntensity>
	</VehicleProperties>
	<OpacityLevel>255</OpacityLevel>
	<LodDistance>500</LodDistance>
	<IsVisible>false</IsVisible>
	<IsDriverVisible>true</IsDriverVisible>
	<MaxHealth>1000</MaxHealth>
	<Health>1000</Health>
	<HasGravity>true</HasGravity>
	<IsOnFire>false</IsOnFire>
	<IsInvincible>true</IsInvincible>
	<IsBulletProof>true</IsBulletProof>
	<IsExplosionProof>true</IsExplosionProof>
	<IsFireProof>false</IsFireProof>
	<IsMeleeProof>true</IsMeleeProof>
	<IsOnlyDamagedByPlayer>false</IsOnlyDamagedByPlayer>
	<SpoonerAttachments SetAttachmentsPersistentAndAddToSpoonerDatabase="true" StartTaskSequencesOnLoad="true">
		<Attachment>
			<ModelHash>0x63abade7</ModelHash>
			<Type>2</Type>
			<Dynamic>true</Dynamic>
			<FrozenPos>false</FrozenPos>
			<HashName>Akuma</HashName>
			<InitialHandle>45372</InitialHandle>
			<VehicleProperties>
				<Colours>
					<Primary>88</Primary>
					<Secondary>88</Secondary>
					<Pearl>88</Pearl>
					<Rim>156</Rim>
					<Mod1_a>6</Mod1_a>
					<Mod1_b>-1</Mod1_b>
					<Mod1_c>-1</Mod1_c>
					<Mod2_a>6</Mod2_a>
					<Mod2_b>-1</Mod2_b>
					<IsPrimaryColourCustom>false</IsPrimaryColourCustom>
					<IsSecondaryColourCustom>false</IsSecondaryColourCustom>
					<tyreSmoke_R>255</tyreSmoke_R>
					<tyreSmoke_G>255</tyreSmoke_G>
					<tyreSmoke_B>255</tyreSmoke_B>
					<LrInterior>0</LrInterior>
					<LrDashboard>0</LrDashboard>
				</Colours>
				<Livery>-1</Livery>
				<NumberPlateText>87AFT116</NumberPlateText>
				<NumberPlateIndex>0</NumberPlateIndex>
				<WheelType>6</WheelType>
				<WheelsInvisible>false</WheelsInvisible>
				<EngineSoundName></EngineSoundName>
				<WindowTint>1</WindowTint>
				<BulletProofTyres>true</BulletProofTyres>
				<DirtLevel>3.89770794</DirtLevel>
				<PaintFade>0.298039228</PaintFade>
				<RoofState>0</RoofState>
				<SirenActive>false</SirenActive>
				<EngineOn>true</EngineOn>
				<EngineHealth>1000</EngineHealth>
				<LightsOn>false</LightsOn>
				<IsRadioLoud>0</IsRadioLoud>
				<LockStatus>1</LockStatus>
				<Neons>
					<Left>false</Left>
					<Right>false</Right>
					<Front>false</Front>
					<Back>false</Back>
					<R>255</R>
					<G>0</G>
					<B>255</B>
				</Neons>
				<DoorsOpen>
					<BackLeftDoor>false</BackLeftDoor>
					<BackRightDoor>false</BackRightDoor>
					<FrontLeftDoor>false</FrontLeftDoor>
					<FrontRightDoor>false</FrontRightDoor>
					<Hood>false</Hood>
					<Trunk>false</Trunk>
					<Trunk2>false</Trunk2>
				</DoorsOpen>
				<DoorsBroken>
					<BackLeftDoor>false</BackLeftDoor>
					<BackRightDoor>false</BackRightDoor>
					<FrontLeftDoor>false</FrontLeftDoor>
					<FrontRightDoor>false</FrontRightDoor>
					<Hood>false</Hood>
					<Trunk>false</Trunk>
					<Trunk2>false</Trunk2>
				</DoorsBroken>
				<TyresBursted>
					<FrontLeft>false</FrontLeft>
					<FrontRight>false</FrontRight>
					<_2>false</_2>
					<_3>false</_3>
					<BackLeft>false</BackLeft>
					<BackRight>false</BackRight>
					<_6>false</_6>
					<_7>false</_7>
					<_8>false</_8>
				</TyresBursted>
				<RpmMultiplier>1</RpmMultiplier>
				<TorqueMultiplier>1</TorqueMultiplier>
				<HeadlightIntensity>1</HeadlightIntensity>
				<ModExtras>
					<_1>true</_1>
					<_4>true</_4>
					<_9>true</_9>
				</ModExtras>
				<Mods>
					<_0>-1,0</_0>
					<_1>-1,0</_1>
					<_2>-1,0</_2>
					<_3>-1,0</_3>
					<_4>1,0</_4>
					<_5>-1,0</_5>
					<_6>-1,0</_6>
					<_7>-1,0</_7>
					<_8>-1,0</_8>
					<_9>-1,0</_9>
					<_10>-1,0</_10>
					<_11>3,0</_11>
					<_12>2,0</_12>
					<_13>2,0</_13>
					<_14>44,0</_14>
					<_15>-1,0</_15>
					<_16>4,0</_16>
					<_17>false</_17>
					<_18>true</_18>
					<_19>false</_19>
					<_20>true</_20>
					<_21>false</_21>
					<_22>true</_22>
					<_23>71,0</_23>
					<_24>71,0</_24>
					<_25>-1,0</_25>
					<_26>-1,0</_26>
					<_27>-1,0</_27>
					<_28>-1,0</_28>
					<_29>-1,0</_29>
					<_30>-1,0</_30>
					<_31>-1,0</_31>
					<_32>-1,0</_32>
					<_33>-1,0</_33>
					<_34>-1,0</_34>
					<_35>-1,0</_35>
					<_36>-1,0</_36>
					<_37>-1,0</_37>
					<_38>-1,0</_38>
					<_39>-1,0</_39>
					<_40>-1,0</_40>
					<_41>-1,0</_41>
					<_42>-1,0</_42>
					<_43>-1,0</_43>
					<_44>-1,0</_44>
					<_45>-1,0</_45>
					<_46>-1,0</_46>
					<_47>-1,0</_47>
					<_48>-1,0</_48>
				</Mods>
			</VehicleProperties>
			<OpacityLevel>255</OpacityLevel>
			<LodDistance>16960</LodDistance>
			<IsVisible>false</IsVisible>
			<MaxHealth>1000</MaxHealth>
			<Health>1000</Health>
			<HasGravity>true</HasGravity>
			<IsOnFire>false</IsOnFire>
			<IsInvincible>true</IsInvincible>
			<IsBulletProof>true</IsBulletProof>
			<IsCollisionProof>true</IsCollisionProof>
			<IsExplosionProof>true</IsExplosionProof>
			<IsFireProof>false</IsFireProof>
			<IsMeleeProof>true</IsMeleeProof>
			<IsOnlyDamagedByPlayer>false</IsOnlyDamagedByPlayer>
			<PositionRotation>
				<X>-772.770447</X>
				<Y>-91.1615753</Y>
				<Z>36.6502724</Z>
				<Pitch>-0.078701973</Pitch>
				<Roll>0.839493155</Roll>
				<Yaw>30.3264694</Yaw>
			</PositionRotation>
			<Attachment isAttached="true">
				<AttachedTo>106349</AttachedTo>
				<BoneIndex>0</BoneIndex>
				<X>0</X>
				<Y>-1.09999919</Y>
				<Z>-0.599999905</Z>
				<Pitch>0</Pitch>
				<Roll>0</Roll>
				<Yaw>0</Yaw>
			</Attachment>
		</Attachment>
		<Attachment>
			<ModelHash>0xc00c3530</ModelHash>
			<Type>3</Type>
			<Dynamic>false</Dynamic>
			<FrozenPos>false</FrozenPos>
			<HashName>stt_prop_stunt_soccer_ball</HashName>
			<InitialHandle>11045</InitialHandle>
			<ObjectProperties>
				<TextureVariation>0</TextureVariation>
			</ObjectProperties>
			<OpacityLevel>255</OpacityLevel>
			<LodDistance>16960</LodDistance>
			<IsVisible>true</IsVisible>
			<MaxHealth>1000</MaxHealth>
			<Health>1000</Health>
			<HasGravity>true</HasGravity>
			<IsOnFire>false</IsOnFire>
			<IsInvincible>true</IsInvincible>
			<IsBulletProof>false</IsBulletProof>
			<IsCollisionProof>true</IsCollisionProof>
			<IsExplosionProof>true</IsExplosionProof>
			<IsFireProof>false</IsFireProof>
			<IsMeleeProof>true</IsMeleeProof>
			<IsOnlyDamagedByPlayer>false</IsOnlyDamagedByPlayer>
			<PositionRotation>
				<X>-772.127502</X>
				<Y>-92.1707611</Y>
				<Z>39.7515869</Z>
				<Pitch>-0.078701973</Pitch>
				<Roll>0.839493155</Roll>
				<Yaw>30.3264694</Yaw>
			</PositionRotation>
			<Attachment isAttached="true">
				<AttachedTo>45372</AttachedTo>
				<BoneIndex>0</BoneIndex>
				<X>0</X>
				<Y>-1.19999945</Y>
				<Z>3.10000086</Z>
				<Pitch>0</Pitch>
				<Roll>0</Roll>
				<Yaw>0</Yaw>
			</Attachment>
		</Attachment>
		<Attachment>
			<ModelHash>0x94110818</ModelHash>
			<Type>3</Type>
			<Dynamic>false</Dynamic>
			<FrozenPos>false</FrozenPos>
			<HashName>prop_barier_conc_04a</HashName>
			<InitialHandle>143648</InitialHandle>
			<ObjectProperties>
				<TextureVariation>0</TextureVariation>
			</ObjectProperties>
			<OpacityLevel>255</OpacityLevel>
			<LodDistance>16960</LodDistance>
			<IsVisible>true</IsVisible>
			<MaxHealth>1000</MaxHealth>
			<Health>1000</Health>
			<HasGravity>true</HasGravity>
			<IsOnFire>false</IsOnFire>
			<IsInvincible>true</IsInvincible>
			<IsBulletProof>false</IsBulletProof>
			<IsCollisionProof>true</IsCollisionProof>
			<IsExplosionProof>true</IsExplosionProof>
			<IsFireProof>false</IsFireProof>
			<IsMeleeProof>true</IsMeleeProof>
			<IsOnlyDamagedByPlayer>false</IsOnlyDamagedByPlayer>
			<PositionRotation>
				<X>-772.61731</X>
				<Y>-93.732933</Y>
				<Z>38.9707642</Z>
				<Pitch>0.227358788</Pitch>
				<Roll>-10.1880531</Roll>
				<Yaw>51.324276</Yaw>
			</PositionRotation>
			<Attachment isAttached="true">
				<AttachedTo>45372</AttachedTo>
				<BoneIndex>0</BoneIndex>
				<X>-1.20000005</X>
				<Y>-2.29999971</Y>
				<Z>2.30000043</Z>
				<Pitch>0</Pitch>
				<Roll>-10.999999</Roll>
				<Yaw>20.9999981</Yaw>
			</Attachment>
		</Attachment>
		<Attachment>
			<ModelHash>0x94110818</ModelHash>
			<Type>3</Type>
			<Dynamic>false</Dynamic>
			<FrozenPos>false</FrozenPos>
			<HashName>prop_barier_conc_04a</HashName>
			<InitialHandle>64893</InitialHandle>
			<ObjectProperties>
				<TextureVariation>0</TextureVariation>
			</ObjectProperties>
			<OpacityLevel>255</OpacityLevel>
			<LodDistance>16960</LodDistance>
			<IsVisible>true</IsVisible>
			<MaxHealth>1000</MaxHealth>
			<Health>1000</Health>
			<HasGravity>true</HasGravity>
			<IsOnFire>false</IsOnFire>
			<IsInvincible>true</IsInvincible>
			<IsBulletProof>false</IsBulletProof>
			<IsCollisionProof>true</IsCollisionProof>
			<IsExplosionProof>true</IsExplosionProof>
			<IsFireProof>false</IsFireProof>
			<IsMeleeProof>true</IsMeleeProof>
			<IsOnlyDamagedByPlayer>false</IsOnlyDamagedByPlayer>
			<PositionRotation>
				<X>-773.800293</X>
				<Y>-96.5007095</Y>
				<Z>37.7185249</Z>
				<Pitch>-0.687658846</Pitch>
				<Roll>31.8120251</Roll>
				<Yaw>-89.6770325</Yaw>
			</PositionRotation>
			<Attachment isAttached="true">
				<AttachedTo>45372</AttachedTo>
				<BoneIndex>-1</BoneIndex>
				<X>-3.59999943</X>
				<Y>-4.09000015</Y>
				<Z>1.00999975</Z>
				<Pitch>0</Pitch>
				<Roll>32.2999649</Roll>
				<Yaw>-119.999985</Yaw>
			</Attachment>
		</Attachment>
		<Attachment>
			<ModelHash>0x53724bb0</ModelHash>
			<Type>3</Type>
			<Dynamic>false</Dynamic>
			<FrozenPos>false</FrozenPos>
			<HashName>stt_prop_stunt_bowling_ball</HashName>
			<InitialHandle>145469</InitialHandle>
			<ObjectProperties>
				<TextureVariation>6</TextureVariation>
			</ObjectProperties>
			<OpacityLevel>255</OpacityLevel>
			<LodDistance>16960</LodDistance>
			<IsVisible>true</IsVisible>
			<MaxHealth>1000</MaxHealth>
			<Health>1000</Health>
			<HasGravity>true</HasGravity>
			<IsOnFire>false</IsOnFire>
			<IsInvincible>true</IsInvincible>
			<IsBulletProof>false</IsBulletProof>
			<IsCollisionProof>true</IsCollisionProof>
			<IsExplosionProof>true</IsExplosionProof>
			<IsFireProof>false</IsFireProof>
			<IsMeleeProof>true</IsMeleeProof>
			<IsOnlyDamagedByPlayer>false</IsOnlyDamagedByPlayer>
			<PositionRotation>
				<X>-770.197998</X>
				<Y>-95.4430466</Y>
				<Z>40.6567078</Z>
				<Pitch>-39.9161491</Pitch>
				<Roll>-81.0945358</Roll>
				<Yaw>-150.37709</Yaw>
			</PositionRotation>
			<Attachment isAttached="true">
				<AttachedTo>45372</AttachedTo>
				<BoneIndex>0</BoneIndex>
				<X>-1.1920929e-07</X>
				<Y>-5</Y>
				<Z>3.99999952</Z>
				<Pitch>-140</Pitch>
				<Roll>100.000015</Roll>
				<Yaw>-5.7220459e-06</Yaw>
			</Attachment>
		</Attachment>
		<Attachment>
			<ModelHash>0x94110818</ModelHash>
			<Type>3</Type>
			<Dynamic>false</Dynamic>
			<FrozenPos>false</FrozenPos>
			<HashName>prop_barier_conc_04a</HashName>
			<InitialHandle>41490</InitialHandle>
			<ObjectProperties>
				<TextureVariation>0</TextureVariation>
			</ObjectProperties>
			<OpacityLevel>255</OpacityLevel>
			<LodDistance>16960</LodDistance>
			<IsVisible>true</IsVisible>
			<MaxHealth>1000</MaxHealth>
			<Health>1000</Health>
			<HasGravity>true</HasGravity>
			<IsOnFire>false</IsOnFire>
			<IsInvincible>true</IsInvincible>
			<IsBulletProof>false</IsBulletProof>
			<IsCollisionProof>true</IsCollisionProof>
			<IsExplosionProof>true</IsExplosionProof>
			<IsFireProof>false</IsFireProof>
			<IsMeleeProof>true</IsMeleeProof>
			<IsOnlyDamagedByPlayer>false</IsOnlyDamagedByPlayer>
			<PositionRotation>
				<X>-773.007751</X>
				<Y>-93.2663803</Y>
				<Z>38.8714142</Z>
				<Pitch>-0.0787042901</Pitch>
				<Roll>-10.1605053</Roll>
				<Yaw>30.3264694</Yaw>
			</PositionRotation>
			<Attachment isAttached="true">
				<AttachedTo>45372</AttachedTo>
				<BoneIndex>0</BoneIndex>
				<X>-1.29999995</X>
				<Y>-1.69999981</Y>
				<Z>2.19999957</Z>
				<Pitch>0</Pitch>
				<Roll>-11</Roll>
				<Yaw>0</Yaw>
			</Attachment>
		</Attachment>
		<Attachment>
			<ModelHash>0x94110818</ModelHash>
			<Type>3</Type>
			<Dynamic>false</Dynamic>
			<FrozenPos>false</FrozenPos>
			<HashName>prop_barier_conc_04a</HashName>
			<InitialHandle>41763</InitialHandle>
			<ObjectProperties>
				<TextureVariation>0</TextureVariation>
			</ObjectProperties>
			<OpacityLevel>255</OpacityLevel>
			<LodDistance>16960</LodDistance>
			<IsVisible>true</IsVisible>
			<MaxHealth>1000</MaxHealth>
			<Health>1000</Health>
			<HasGravity>true</HasGravity>
			<IsOnFire>false</IsOnFire>
			<IsInvincible>true</IsInvincible>
			<IsBulletProof>false</IsBulletProof>
			<IsCollisionProof>true</IsCollisionProof>
			<IsExplosionProof>true</IsExplosionProof>
			<IsFireProof>false</IsFireProof>
			<IsMeleeProof>true</IsMeleeProof>
			<IsOnlyDamagedByPlayer>false</IsOnlyDamagedByPlayer>
			<PositionRotation>
				<X>-775.257935</X>
				<Y>-95.3954544</Y>
				<Z>37.716465</Z>
				<Pitch>-0.951513827</Pitch>
				<Roll>28.0335426</Roll>
				<Yaw>-119.684471</Yaw>
			</PositionRotation>
			<Attachment isAttached="true">
				<AttachedTo>45372</AttachedTo>
				<BoneIndex>0</BoneIndex>
				<X>-4.29999924</X>
				<Y>-2.40000391</Y>
				<Z>1.00000322</Z>
				<Pitch>-0.600000024</Pitch>
				<Roll>28.8000298</Roll>
				<Yaw>-149.999985</Yaw>
			</Attachment>
		</Attachment>
		<Attachment>
			<ModelHash>0x94110818</ModelHash>
			<Type>3</Type>
			<Dynamic>true</Dynamic>
			<FrozenPos>false</FrozenPos>
			<HashName>prop_barier_conc_04a</HashName>
			<InitialHandle>89190</InitialHandle>
			<ObjectProperties>
				<TextureVariation>0</TextureVariation>
			</ObjectProperties>
			<OpacityLevel>255</OpacityLevel>
			<LodDistance>16960</LodDistance>
			<IsVisible>true</IsVisible>
			<MaxHealth>1000</MaxHealth>
			<Health>1000</Health>
			<HasGravity>true</HasGravity>
			<IsOnFire>false</IsOnFire>
			<IsInvincible>true</IsInvincible>
			<IsBulletProof>false</IsBulletProof>
			<IsCollisionProof>true</IsCollisionProof>
			<IsExplosionProof>true</IsExplosionProof>
			<IsFireProof>false</IsFireProof>
			<IsMeleeProof>true</IsMeleeProof>
			<IsOnlyDamagedByPlayer>false</IsOnlyDamagedByPlayer>
			<PositionRotation>
				<X>-770.5495</X>
				<Y>-92.5238571</Y>
				<Z>38.6356316</Z>
				<Pitch>0.36107114</Pitch>
				<Roll>-11.7619505</Roll>
				<Yaw>-169.671722</Yaw>
			</PositionRotation>
			<Attachment isAttached="true">
				<AttachedTo>45372</AttachedTo>
				<BoneIndex>0</BoneIndex>
				<X>1.19999993</X>
				<Y>-2.29999924</Y>
				<Z>1.99999976</Z>
				<Pitch>0</Pitch>
				<Roll>-10.9999962</Roll>
				<Yaw>159.999985</Yaw>
			</Attachment>
		</Attachment>
		<Attachment>
			<ModelHash>0xd1fbb176</ModelHash>
			<Type>3</Type>
			<Dynamic>true</Dynamic>
			<FrozenPos>false</FrozenPos>
			<HashName>prop_air_lights_02b</HashName>
			<InitialHandle>165458</InitialHandle>
			<ObjectProperties>
				<TextureVariation>0</TextureVariation>
			</ObjectProperties>
			<OpacityLevel>255</OpacityLevel>
			<LodDistance>16960</LodDistance>
			<IsVisible>true</IsVisible>
			<MaxHealth>1000</MaxHealth>
			<Health>1000</Health>
			<HasGravity>true</HasGravity>
			<IsOnFire>false</IsOnFire>
			<IsInvincible>true</IsInvincible>
			<IsBulletProof>false</IsBulletProof>
			<IsCollisionProof>true</IsCollisionProof>
			<IsExplosionProof>true</IsExplosionProof>
			<IsFireProof>false</IsFireProof>
			<IsMeleeProof>true</IsMeleeProof>
			<IsOnlyDamagedByPlayer>false</IsOnlyDamagedByPlayer>
			<PositionRotation>
				<X>-772.154236</X>
				<Y>-91.0496521</Y>
				<Z>40.6323776</Z>
				<Pitch>-80.043602</Pitch>
				<Roll>4.86105537</Roll>
				<Yaw>35.1135025</Yaw>
			</PositionRotation>
			<Attachment isAttached="true">
				<AttachedTo>45372</AttachedTo>
				<BoneIndex>-1</BoneIndex>
				<X>0.529999673</X>
				<Y>-0.220000029</Y>
				<Z>3.98999953</Z>
				<Pitch>-79.9999924</Pitch>
				<Roll>0</Roll>
				<Yaw>0</Yaw>
			</Attachment>
		</Attachment>
		<Attachment>
			<ModelHash>0xd1fbb176</ModelHash>
			<Type>3</Type>
			<Dynamic>true</Dynamic>
			<FrozenPos>false</FrozenPos>
			<HashName>prop_air_lights_02b</HashName>
			<InitialHandle>157226</InitialHandle>
			<ObjectProperties>
				<TextureVariation>0</TextureVariation>
			</ObjectProperties>
			<OpacityLevel>255</OpacityLevel>
			<LodDistance>16960</LodDistance>
			<IsVisible>true</IsVisible>
			<MaxHealth>1000</MaxHealth>
			<Health>1000</Health>
			<HasGravity>true</HasGravity>
			<IsOnFire>false</IsOnFire>
			<IsInvincible>true</IsInvincible>
			<IsBulletProof>false</IsBulletProof>
			<IsCollisionProof>true</IsCollisionProof>
			<IsExplosionProof>true</IsExplosionProof>
			<IsFireProof>false</IsFireProof>
			<IsMeleeProof>true</IsMeleeProof>
			<IsOnlyDamagedByPlayer>false</IsOnlyDamagedByPlayer>
			<PositionRotation>
				<X>-773.069519</X>
				<Y>-91.6429291</Y>
				<Z>40.6684113</Z>
				<Pitch>-80.0535812</Pitch>
				<Roll>4.86589146</Roll>
				<Yaw>35.1184082</Yaw>
			</PositionRotation>
			<Attachment isAttached="true">
				<AttachedTo>45372</AttachedTo>
				<BoneIndex>0</BoneIndex>
				<X>-0.559999764</X>
				<Y>-0.270000011</Y>
				<Z>4.00999689</Z>
				<Pitch>-80.0099945</Pitch>
				<Roll>0</Roll>
				<Yaw>0</Yaw>
			</Attachment>
		</Attachment>
		<Attachment>
			<ModelHash>0xd1fbb176</ModelHash>
			<Type>3</Type>
			<Dynamic>true</Dynamic>
			<FrozenPos>false</FrozenPos>
			<HashName>prop_air_lights_02b</HashName>
			<InitialHandle>113726</InitialHandle>
			<ObjectProperties>
				<TextureVariation>0</TextureVariation>
			</ObjectProperties>
			<OpacityLevel>255</OpacityLevel>
			<LodDistance>16960</LodDistance>
			<IsVisible>true</IsVisible>
			<MaxHealth>1000</MaxHealth>
			<Health>1000</Health>
			<HasGravity>true</HasGravity>
			<IsOnFire>false</IsOnFire>
			<IsInvincible>true</IsInvincible>
			<IsBulletProof>false</IsBulletProof>
			<IsCollisionProof>true</IsCollisionProof>
			<IsExplosionProof>true</IsExplosionProof>
			<IsFireProof>false</IsFireProof>
			<IsMeleeProof>true</IsMeleeProof>
			<IsOnlyDamagedByPlayer>false</IsOnlyDamagedByPlayer>
			<PositionRotation>
				<X>-772.702332</X>
				<Y>-91.1616821</Y>
				<Z>40.6598892</Z>
				<Pitch>-80.0535812</Pitch>
				<Roll>4.86589146</Roll>
				<Yaw>35.1184082</Yaw>
			</PositionRotation>
			<Attachment isAttached="true">
				<AttachedTo>45372</AttachedTo>
				<BoneIndex>0</BoneIndex>
				<X>0</X>
				<Y>-0.0399999917</Y>
				<Z>4.00999689</Z>
				<Pitch>-80.0099945</Pitch>
				<Roll>0</Roll>
				<Yaw>0</Yaw>
			</Attachment>
		</Attachment>
		<Attachment>
			<ModelHash>0xee0bf0c2</ModelHash>
			<Type>3</Type>
			<Dynamic>true</Dynamic>
			<FrozenPos>false</FrozenPos>
			<HashName>prop_ld_hook</HashName>
			<InitialHandle>136057</InitialHandle>
			<ObjectProperties>
				<TextureVariation>0</TextureVariation>
			</ObjectProperties>
			<OpacityLevel>255</OpacityLevel>
			<LodDistance>16960</LodDistance>
			<IsVisible>true</IsVisible>
			<MaxHealth>1000</MaxHealth>
			<Health>1000</Health>
			<HasGravity>true</HasGravity>
			<IsOnFire>false</IsOnFire>
			<IsInvincible>true</IsInvincible>
			<IsBulletProof>false</IsBulletProof>
			<IsCollisionProof>true</IsCollisionProof>
			<IsExplosionProof>true</IsExplosionProof>
			<IsFireProof>false</IsFireProof>
			<IsMeleeProof>true</IsMeleeProof>
			<IsOnlyDamagedByPlayer>false</IsOnlyDamagedByPlayer>
			<PositionRotation>
				<X>-773.353394</X>
				<Y>-91.2661057</Y>
				<Z>39.6584625</Z>
				<Pitch>88.1634598</Pitch>
				<Roll>155.070496</Roll>
				<Yaw>-142.758163</Yaw>
			</PositionRotation>
			<Attachment isAttached="true">
				<AttachedTo>45372</AttachedTo>
				<BoneIndex>0</BoneIndex>
				<X>-0.599999905</X>
				<Y>0.200000137</Y>
				<Z>2.99999809</Z>
				<Pitch>88.0000153</Pitch>
				<Roll>179.999985</Roll>
				<Yaw>162</Yaw>
			</Attachment>
		</Attachment>
		<Attachment>
			<ModelHash>0xee0bf0c2</ModelHash>
			<Type>3</Type>
			<Dynamic>true</Dynamic>
			<FrozenPos>false</FrozenPos>
			<HashName>prop_ld_hook</HashName>
			<InitialHandle>79715</InitialHandle>
			<ObjectProperties>
				<TextureVariation>0</TextureVariation>
			</ObjectProperties>
			<OpacityLevel>255</OpacityLevel>
			<LodDistance>16960</LodDistance>
			<IsVisible>true</IsVisible>
			<MaxHealth>1000</MaxHealth>
			<Health>1000</Health>
			<HasGravity>true</HasGravity>
			<IsOnFire>false</IsOnFire>
			<IsInvincible>true</IsInvincible>
			<IsBulletProof>false</IsBulletProof>
			<IsCollisionProof>true</IsCollisionProof>
			<IsExplosionProof>true</IsExplosionProof>
			<IsFireProof>false</IsFireProof>
			<IsMeleeProof>true</IsMeleeProof>
			<IsOnlyDamagedByPlayer>false</IsOnlyDamagedByPlayer>
			<PositionRotation>
				<X>-772.240417</X>
				<Y>-90.6963196</Y>
				<Z>39.5402527</Z>
				<Pitch>86.0141907</Pitch>
				<Roll>-161.747345</Roll>
				<Yaw>-153.244125</Yaw>
			</PositionRotation>
			<Attachment isAttached="true">
				<AttachedTo>45372</AttachedTo>
				<BoneIndex>0</BoneIndex>
				<X>0.649999976</X>
				<Y>0.130000144</Y>
				<Z>2.89999819</Z>
				<Pitch>85.8000488</Pitch>
				<Roll>-150.298203</Roll>
				<Yaw>165.009811</Yaw>
			</Attachment>
		</Attachment>
		<Attachment>
			<ModelHash>0x94110818</ModelHash>
			<Type>3</Type>
			<Dynamic>true</Dynamic>
			<FrozenPos>false</FrozenPos>
			<HashName>prop_barier_conc_04a</HashName>
			<InitialHandle>147007</InitialHandle>
			<ObjectProperties>
				<TextureVariation>0</TextureVariation>
			</ObjectProperties>
			<OpacityLevel>255</OpacityLevel>
			<LodDistance>16960</LodDistance>
			<IsVisible>true</IsVisible>
			<MaxHealth>1000</MaxHealth>
			<Health>1000</Health>
			<HasGravity>true</HasGravity>
			<IsOnFire>false</IsOnFire>
			<IsInvincible>true</IsInvincible>
			<IsBulletProof>false</IsBulletProof>
			<IsCollisionProof>true</IsCollisionProof>
			<IsExplosionProof>true</IsExplosionProof>
			<IsFireProof>false</IsFireProof>
			<IsMeleeProof>true</IsMeleeProof>
			<IsOnlyDamagedByPlayer>false</IsOnlyDamagedByPlayer>
			<PositionRotation>
				<X>-773.277283</X>
				<Y>-92.6133957</Y>
				<Z>38.6690102</Z>
				<Pitch>-0.178692967</Pitch>
				<Roll>-10.1605005</Roll>
				<Yaw>30.3279266</Yaw>
			</PositionRotation>
			<Attachment isAttached="true">
				<AttachedTo>45372</AttachedTo>
				<BoneIndex>0</BoneIndex>
				<X>-1.20000064</X>
				<Y>-0.999999881</Y>
				<Z>1.99999964</Z>
				<Pitch>-0.0999999642</Pitch>
				<Roll>-10.999999</Roll>
				<Yaw>0</Yaw>
			</Attachment>
		</Attachment>
		<Attachment>
			<ModelHash>0x94110818</ModelHash>
			<Type>3</Type>
			<Dynamic>true</Dynamic>
			<FrozenPos>false</FrozenPos>
			<HashName>prop_barier_conc_04a</HashName>
			<InitialHandle>115017</InitialHandle>
			<ObjectProperties>
				<TextureVariation>0</TextureVariation>
			</ObjectProperties>
			<OpacityLevel>255</OpacityLevel>
			<LodDistance>16960</LodDistance>
			<IsVisible>true</IsVisible>
			<MaxHealth>1000</MaxHealth>
			<Health>1000</Health>
			<HasGravity>true</HasGravity>
			<IsOnFire>false</IsOnFire>
			<IsInvincible>true</IsInvincible>
			<IsBulletProof>false</IsBulletProof>
			<IsCollisionProof>true</IsCollisionProof>
			<IsExplosionProof>true</IsExplosionProof>
			<IsFireProof>false</IsFireProof>
			<IsMeleeProof>true</IsMeleeProof>
			<IsOnlyDamagedByPlayer>false</IsOnlyDamagedByPlayer>
			<PositionRotation>
				<X>-776.063599</X>
				<Y>-94.2219696</Y>
				<Z>37.515995</Z>
				<Pitch>-0.916799903</Pitch>
				<Roll>30.3609028</Roll>
				<Yaw>-149.987473</Yaw>
			</PositionRotation>
			<Attachment isAttached="true">
				<AttachedTo>45372</AttachedTo>
				<BoneIndex>0</BoneIndex>
				<X>-4.39999962</X>
				<Y>-0.979999304</Y>
				<Z>0.799998105</Z>
				<Pitch>-0.99999994</Pitch>
				<Roll>31.2000847</Roll>
				<Yaw>179.700668</Yaw>
			</Attachment>
		</Attachment>
		<Attachment>
			<ModelHash>0x94110818</ModelHash>
			<Type>3</Type>
			<Dynamic>true</Dynamic>
			<FrozenPos>false</FrozenPos>
			<HashName>prop_barier_conc_04a</HashName>
			<InitialHandle>165936</InitialHandle>
			<ObjectProperties>
				<TextureVariation>0</TextureVariation>
			</ObjectProperties>
			<OpacityLevel>255</OpacityLevel>
			<LodDistance>16960</LodDistance>
			<IsVisible>true</IsVisible>
			<MaxHealth>1000</MaxHealth>
			<Health>1000</Health>
			<HasGravity>true</HasGravity>
			<IsOnFire>false</IsOnFire>
			<IsInvincible>true</IsInvincible>
			<IsBulletProof>false</IsBulletProof>
			<IsCollisionProof>true</IsCollisionProof>
			<IsExplosionProof>true</IsExplosionProof>
			<IsFireProof>false</IsFireProof>
			<IsMeleeProof>true</IsMeleeProof>
			<IsOnlyDamagedByPlayer>false</IsOnlyDamagedByPlayer>
			<PositionRotation>
				<X>-773.433533</X>
				<Y>-92.0096741</Y>
				<Z>38.6656952</Z>
				<Pitch>-0.413342118</Pitch>
				<Roll>-10.2650852</Roll>
				<Yaw>6.32853889</Yaw>
			</PositionRotation>
			<Attachment isAttached="true">
				<AttachedTo>45372</AttachedTo>
				<BoneIndex>0</BoneIndex>
				<X>-1.02999985</X>
				<Y>-0.399999946</Y>
				<Z>1.99999976</Z>
				<Pitch>-5.96046448e-07</Pitch>
				<Roll>-10.999999</Roll>
				<Yaw>-23.9999981</Yaw>
			</Attachment>
		</Attachment>
		<Attachment>
			<ModelHash>0x94110818</ModelHash>
			<Type>3</Type>
			<Dynamic>true</Dynamic>
			<FrozenPos>false</FrozenPos>
			<HashName>prop_barier_conc_04a</HashName>
			<InitialHandle>35396</InitialHandle>
			<ObjectProperties>
				<TextureVariation>0</TextureVariation>
			</ObjectProperties>
			<OpacityLevel>255</OpacityLevel>
			<LodDistance>16960</LodDistance>
			<IsVisible>true</IsVisible>
			<MaxHealth>1000</MaxHealth>
			<Health>1000</Health>
			<HasGravity>true</HasGravity>
			<IsOnFire>false</IsOnFire>
			<IsInvincible>true</IsInvincible>
			<IsBulletProof>false</IsBulletProof>
			<IsCollisionProof>true</IsCollisionProof>
			<IsExplosionProof>true</IsExplosionProof>
			<IsFireProof>false</IsFireProof>
			<IsMeleeProof>true</IsMeleeProof>
			<IsOnlyDamagedByPlayer>false</IsOnlyDamagedByPlayer>
			<PositionRotation>
				<X>-776.739502</X>
				<Y>-92.3929596</Y>
				<Z>37.5183792</Z>
				<Pitch>0.400452524</Pitch>
				<Roll>27.2579823</Roll>
				<Yaw>-172.671509</Yaw>
			</PositionRotation>
			<Attachment isAttached="true">
				<AttachedTo>45372</AttachedTo>
				<BoneIndex>0</BoneIndex>
				<X>-4.05999947</X>
				<Y>0.939999938</Y>
				<Z>0.809999943</Z>
				<Pitch>0</Pitch>
				<Roll>27.9999981</Roll>
				<Yaw>157.000015</Yaw>
			</Attachment>
		</Attachment>
		<Attachment>
			<ModelHash>0x94110818</ModelHash>
			<Type>3</Type>
			<Dynamic>true</Dynamic>
			<FrozenPos>false</FrozenPos>
			<HashName>prop_barier_conc_04a</HashName>
			<InitialHandle>28530</InitialHandle>
			<ObjectProperties>
				<TextureVariation>0</TextureVariation>
			</ObjectProperties>
			<OpacityLevel>255</OpacityLevel>
			<LodDistance>16960</LodDistance>
			<IsVisible>true</IsVisible>
			<MaxHealth>1000</MaxHealth>
			<Health>1000</Health>
			<HasGravity>true</HasGravity>
			<IsOnFire>false</IsOnFire>
			<IsInvincible>true</IsInvincible>
			<IsBulletProof>false</IsBulletProof>
			<IsCollisionProof>true</IsCollisionProof>
			<IsExplosionProof>true</IsExplosionProof>
			<IsFireProof>false</IsFireProof>
			<IsMeleeProof>true</IsMeleeProof>
			<IsOnlyDamagedByPlayer>false</IsOnlyDamagedByPlayer>
			<PositionRotation>
				<X>-767.461487</X>
				<Y>-92.6889038</Y>
				<Z>37.4000053</Z>
				<Pitch>-0.68947041</Pitch>
				<Roll>30.7853851</Roll>
				<Yaw>-19.1710205</Yaw>
			</PositionRotation>
			<Attachment isAttached="true">
				<AttachedTo>45372</AttachedTo>
				<BoneIndex>0</BoneIndex>
				<X>3.80000019</X>
				<Y>-3.99999952</Y>
				<Z>0.799999535</Z>
				<Pitch>0</Pitch>
				<Roll>30.2999992</Roll>
				<Yaw>-49.4998169</Yaw>
			</Attachment>
		</Attachment>
		<Attachment>
			<ModelHash>0x94110818</ModelHash>
			<Type>3</Type>
			<Dynamic>true</Dynamic>
			<FrozenPos>false</FrozenPos>
			<HashName>prop_barier_conc_04a</HashName>
			<InitialHandle>94990</InitialHandle>
			<ObjectProperties>
				<TextureVariation>0</TextureVariation>
			</ObjectProperties>
			<OpacityLevel>255</OpacityLevel>
			<LodDistance>16960</LodDistance>
			<IsVisible>true</IsVisible>
			<MaxHealth>1000</MaxHealth>
			<Health>1000</Health>
			<HasGravity>true</HasGravity>
			<IsOnFire>false</IsOnFire>
			<IsInvincible>true</IsInvincible>
			<IsBulletProof>false</IsBulletProof>
			<IsCollisionProof>true</IsCollisionProof>
			<IsExplosionProof>true</IsExplosionProof>
			<IsFireProof>false</IsFireProof>
			<IsMeleeProof>true</IsMeleeProof>
			<IsOnlyDamagedByPlayer>false</IsOnlyDamagedByPlayer>
			<PositionRotation>
				<X>-770.852478</X>
				<Y>-92.0059586</Y>
				<Z>38.6348076</Z>
				<Pitch>0.0713712275</Pitch>
				<Roll>-11.8401451</Roll>
				<Yaw>-149.173584</Yaw>
			</PositionRotation>
			<Attachment isAttached="true">
				<AttachedTo>45372</AttachedTo>
				<BoneIndex>0</BoneIndex>
				<X>1.19999981</X>
				<Y>-1.69999957</Y>
				<Z>1.99999976</Z>
				<Pitch>0</Pitch>
				<Roll>-10.999999</Roll>
				<Yaw>-179.5</Yaw>
			</Attachment>
		</Attachment>
		<Attachment>
			<ModelHash>0x94110818</ModelHash>
			<Type>3</Type>
			<Dynamic>true</Dynamic>
			<FrozenPos>false</FrozenPos>
			<HashName>prop_barier_conc_04a</HashName>
			<InitialHandle>133701</InitialHandle>
			<ObjectProperties>
				<TextureVariation>0</TextureVariation>
			</ObjectProperties>
			<OpacityLevel>255</OpacityLevel>
			<LodDistance>16960</LodDistance>
			<IsVisible>true</IsVisible>
			<MaxHealth>1000</MaxHealth>
			<Health>1000</Health>
			<HasGravity>true</HasGravity>
			<IsOnFire>false</IsOnFire>
			<IsInvincible>true</IsInvincible>
			<IsBulletProof>false</IsBulletProof>
			<IsCollisionProof>true</IsCollisionProof>
			<IsExplosionProof>true</IsExplosionProof>
			<IsFireProof>false</IsFireProof>
			<IsMeleeProof>true</IsMeleeProof>
			<IsOnlyDamagedByPlayer>false</IsOnlyDamagedByPlayer>
			<PositionRotation>
				<X>-768.054443</X>
				<Y>-90.4870377</Y>
				<Z>37.3881912</Z>
				<Pitch>-8.04847622</Pitch>
				<Roll>30.8501434</Roll>
				<Yaw>32.4445534</Yaw>
			</PositionRotation>
			<Attachment isAttached="true">
				<AttachedTo>45372</AttachedTo>
				<BoneIndex>0</BoneIndex>
				<X>4.4000001</X>
				<Y>-1.79999983</Y>
				<Z>0.799999714</Z>
				<Pitch>-7.99999428</Pitch>
				<Roll>30.0000439</Roll>
				<Yaw>1.99999976</Yaw>
			</Attachment>
		</Attachment>
		<Attachment>
			<ModelHash>0x94110818</ModelHash>
			<Type>3</Type>
			<Dynamic>true</Dynamic>
			<FrozenPos>false</FrozenPos>
			<HashName>prop_barier_conc_04a</HashName>
			<InitialHandle>21297</InitialHandle>
			<ObjectProperties>
				<TextureVariation>0</TextureVariation>
			</ObjectProperties>
			<OpacityLevel>255</OpacityLevel>
			<LodDistance>16960</LodDistance>
			<IsVisible>true</IsVisible>
			<MaxHealth>1000</MaxHealth>
			<Health>1000</Health>
			<HasGravity>true</HasGravity>
			<IsOnFire>false</IsOnFire>
			<IsInvincible>true</IsInvincible>
			<IsBulletProof>false</IsBulletProof>
			<IsCollisionProof>true</IsCollisionProof>
			<IsExplosionProof>true</IsExplosionProof>
			<IsFireProof>false</IsFireProof>
			<IsMeleeProof>true</IsMeleeProof>
			<IsOnlyDamagedByPlayer>false</IsOnlyDamagedByPlayer>
			<PositionRotation>
				<X>-771.205933</X>
				<Y>-91.401741</Y>
				<Z>38.6338463</Z>
				<Pitch>0.0493553765</Pitch>
				<Roll>-11.8417253</Roll>
				<Yaw>-147.673737</Yaw>
			</PositionRotation>
			<Attachment isAttached="true">
				<AttachedTo>45372</AttachedTo>
				<BoneIndex>0</BoneIndex>
				<X>1.19999993</X>
				<Y>-0.999999762</Y>
				<Z>1.99999976</Z>
				<Pitch>0</Pitch>
				<Roll>-10.999999</Roll>
				<Yaw>-177.999985</Yaw>
			</Attachment>
		</Attachment>
		<Attachment>
			<ModelHash>0x94110818</ModelHash>
			<Type>3</Type>
			<Dynamic>true</Dynamic>
			<FrozenPos>false</FrozenPos>
			<HashName>prop_barier_conc_04a</HashName>
			<InitialHandle>107628</InitialHandle>
			<ObjectProperties>
				<TextureVariation>0</TextureVariation>
			</ObjectProperties>
			<OpacityLevel>255</OpacityLevel>
			<LodDistance>16960</LodDistance>
			<IsVisible>true</IsVisible>
			<MaxHealth>1000</MaxHealth>
			<Health>1000</Health>
			<HasGravity>true</HasGravity>
			<IsOnFire>false</IsOnFire>
			<IsInvincible>true</IsInvincible>
			<IsBulletProof>false</IsBulletProof>
			<IsCollisionProof>true</IsCollisionProof>
			<IsExplosionProof>true</IsExplosionProof>
			<IsFireProof>false</IsFireProof>
			<IsMeleeProof>true</IsMeleeProof>
			<IsOnlyDamagedByPlayer>false</IsOnlyDamagedByPlayer>
			<PositionRotation>
				<X>-768.510071</X>
				<Y>-89.7110519</Y>
				<Z>37.2869682</Z>
				<Pitch>-0.0786957517</Pitch>
				<Roll>32.8394852</Roll>
				<Yaw>30.326458</Yaw>
			</PositionRotation>
			<Attachment isAttached="true">
				<AttachedTo>45372</AttachedTo>
				<BoneIndex>0</BoneIndex>
				<X>4.39999914</X>
				<Y>-0.899999738</Y>
				<Z>0.699999869</Z>
				<Pitch>0</Pitch>
				<Roll>31.9999962</Roll>
				<Yaw>0</Yaw>
			</Attachment>
		</Attachment>
		<Attachment>
			<ModelHash>0x94110818</ModelHash>
			<Type>3</Type>
			<Dynamic>true</Dynamic>
			<FrozenPos>false</FrozenPos>
			<HashName>prop_barier_conc_04a</HashName>
			<InitialHandle>160340</InitialHandle>
			<ObjectProperties>
				<TextureVariation>0</TextureVariation>
			</ObjectProperties>
			<OpacityLevel>255</OpacityLevel>
			<LodDistance>16960</LodDistance>
			<IsVisible>true</IsVisible>
			<MaxHealth>1000</MaxHealth>
			<Health>1000</Health>
			<HasGravity>true</HasGravity>
			<IsOnFire>false</IsOnFire>
			<IsInvincible>true</IsInvincible>
			<IsBulletProof>false</IsBulletProof>
			<IsCollisionProof>true</IsCollisionProof>
			<IsExplosionProof>true</IsExplosionProof>
			<IsFireProof>false</IsFireProof>
			<IsMeleeProof>true</IsMeleeProof>
			<IsOnlyDamagedByPlayer>false</IsOnlyDamagedByPlayer>
			<PositionRotation>
				<X>-771.559387</X>
				<Y>-90.7975311</Y>
				<Z>38.632885</Z>
				<Pitch>-0.213162154</Pitch>
				<Roll>-11.8157835</Roll>
				<Yaw>-129.675598</Yaw>
			</PositionRotation>
			<Attachment isAttached="true">
				<AttachedTo>45372</AttachedTo>
				<BoneIndex>0</BoneIndex>
				<X>1.19999993</X>
				<Y>-0.30000031</Y>
				<Z>1.99999976</Z>
				<Pitch>0</Pitch>
				<Roll>-10.999999</Roll>
				<Yaw>-159.999985</Yaw>
			</Attachment>
		</Attachment>
		<Attachment>
			<ModelHash>0x94110818</ModelHash>
			<Type>3</Type>
			<Dynamic>true</Dynamic>
			<FrozenPos>false</FrozenPos>
			<HashName>prop_barier_conc_04a</HashName>
			<InitialHandle>67117</InitialHandle>
			<ObjectProperties>
				<TextureVariation>0</TextureVariation>
			</ObjectProperties>
			<OpacityLevel>255</OpacityLevel>
			<LodDistance>16960</LodDistance>
			<IsVisible>true</IsVisible>
			<MaxHealth>1000</MaxHealth>
			<Health>1000</Health>
			<HasGravity>true</HasGravity>
			<IsOnFire>false</IsOnFire>
			<IsInvincible>true</IsInvincible>
			<IsBulletProof>false</IsBulletProof>
			<IsCollisionProof>true</IsCollisionProof>
			<IsExplosionProof>true</IsExplosionProof>
			<IsFireProof>false</IsFireProof>
			<IsMeleeProof>true</IsMeleeProof>
			<IsOnlyDamagedByPlayer>false</IsOnlyDamagedByPlayer>
			<PositionRotation>
				<X>-769.626221</X>
				<Y>-88.3942719</Y>
				<Z>37.3890152</Z>
				<Pitch>0.298884451</Pitch>
				<Roll>32.8193817</Roll>
				<Yaw>49.3230286</Yaw>
			</PositionRotation>
			<Attachment isAttached="true">
				<AttachedTo>45372</AttachedTo>
				<BoneIndex>0</BoneIndex>
				<X>4.10000134</X>
				<Y>0.799999893</Y>
				<Z>0.800000012</Z>
				<Pitch>0.0999998674</Pitch>
				<Roll>31.9999981</Roll>
				<Yaw>18.9999981</Yaw>
			</Attachment>
		</Attachment>
	</SpoonerAttachments>
</Vehicle>
