<?xml version="1.0" encoding="ISO-8859-1"?>
<Vehicle menyoo_ver="0.99987681b">
	<ModelHash>0xaed64a63</ModelHash>
	<InitialHandle>584962</InitialHandle>
	<VehicleProperties>
		<Colours>
			<Primary>43</Primary>
			<Secondary>25</Secondary>
			<Pearl>18</Pearl>
			<Rim>88</Rim>
			<Mod1_a>6</Mod1_a>
			<Mod1_b>-1</Mod1_b>
			<Mod1_c>-1</Mod1_c>
			<Mod2_a>6</Mod2_a>
			<Mod2_b>-1</Mod2_b>
			<IsPrimaryColourCustom>false</IsPrimaryColourCustom>
			<IsSecondaryColourCustom>false</IsSecondaryColourCustom>
			<tyreSmoke_R>255</tyreSmoke_R>
			<tyreSmoke_G>255</tyreSmoke_G>
			<tyreSmoke_B>255</tyreSmoke_B>
			<LrInterior>3</LrInterior>
			<LrDashboard>111</LrDashboard>
		</Colours>
		<Livery>-1</Livery>
		<NumberPlateText>03PCK438</NumberPlateText>
		<NumberPlateIndex>0</NumberPlateIndex>
		<WheelType>9</WheelType>
		<WheelsInvisible>false</WheelsInvisible>
		<EngineSoundName></EngineSoundName>
		<WindowTint>1</WindowTint>
		<BulletProofTyres>true</BulletProofTyres>
		<DirtLevel>5.48341465</DirtLevel>
		<PaintFade>0.298039228</PaintFade>
		<RoofState>0</RoofState>
		<SirenActive>false</SirenActive>
		<EngineOn>true</EngineOn>
		<EngineHealth>1000</EngineHealth>
		<LightsOn>true</LightsOn>
		<IsRadioLoud>0</IsRadioLoud>
		<LockStatus>1</LockStatus>
		<Neons>
			<Left>true</Left>
			<Right>true</Right>
			<Front>true</Front>
			<Back>true</Back>
			<R>255</R>
			<G>1</G>
			<B>1</B>
		</Neons>
		<ModExtras>
			<_1>false</_1>
			<_2>true</_2>
			<_3>false</_3>
		</ModExtras>
		<Mods>
			<_0>-1,0</_0>
			<_1>-1,0</_1>
			<_2>-1,0</_2>
			<_3>-1,0</_3>
			<_4>0,0</_4>
			<_5>-1,0</_5>
			<_6>-1,0</_6>
			<_7>-1,0</_7>
			<_8>-1,0</_8>
			<_9>1,0</_9>
			<_10>-1,0</_10>
			<_11>3,0</_11>
			<_12>2,0</_12>
			<_13>2,0</_13>
			<_14>-1,0</_14>
			<_15>-1,0</_15>
			<_16>-1,0</_16>
			<_17>false</_17>
			<_18>true</_18>
			<_19>false</_19>
			<_20>false</_20>
			<_21>false</_21>
			<_22>true</_22>
			<_23>115,0</_23>
			<_24>-1,0</_24>
			<_25>4,0</_25>
			<_26>9,0</_26>
			<_27>0,0</_27>
			<_28>9,0</_28>
			<_29>-1,0</_29>
			<_30>9,0</_30>
			<_31>-1,0</_31>
			<_32>-1,0</_32>
			<_33>14,0</_33>
			<_34>11,0</_34>
			<_35>13,0</_35>
			<_36>-1,0</_36>
			<_37>7,0</_37>
			<_38>4,0</_38>
			<_39>3,0</_39>
			<_40>2,0</_40>
			<_41>-1,0</_41>
			<_42>-1,0</_42>
			<_43>-1,0</_43>
			<_44>-1,0</_44>
			<_45>1,0</_45>
			<_46>-1,0</_46>
			<_47>-1,0</_47>
			<_48>6,0</_48>
		</Mods>
		<DoorsOpen>
			<BackLeftDoor>false</BackLeftDoor>
			<BackRightDoor>false</BackRightDoor>
			<FrontLeftDoor>false</FrontLeftDoor>
			<FrontRightDoor>false</FrontRightDoor>
			<Hood>false</Hood>
			<Trunk>false</Trunk>
			<Trunk2>false</Trunk2>
		</DoorsOpen>
		<DoorsBroken>
			<BackLeftDoor>false</BackLeftDoor>
			<BackRightDoor>false</BackRightDoor>
			<FrontLeftDoor>false</FrontLeftDoor>
			<FrontRightDoor>false</FrontRightDoor>
			<Hood>false</Hood>
			<Trunk>false</Trunk>
			<Trunk2>false</Trunk2>
		</DoorsBroken>
		<TyresBursted>
			<FrontLeft>false</FrontLeft>
			<FrontRight>false</FrontRight>
			<_2>false</_2>
			<_3>false</_3>
			<BackLeft>false</BackLeft>
			<BackRight>false</BackRight>
			<_6>false</_6>
			<_7>false</_7>
			<_8>false</_8>
		</TyresBursted>
		<RpmMultiplier>6</RpmMultiplier>
		<TorqueMultiplier>1</TorqueMultiplier>
		<HeadlightIntensity>1</HeadlightIntensity>
	</VehicleProperties>
	<OpacityLevel>255</OpacityLevel>
	<LodDistance>16960</LodDistance>
	<IsVisible>true</IsVisible>
	<IsDriverVisible>true</IsDriverVisible>
	<MaxHealth>1000</MaxHealth>
	<Health>1000</Health>
	<HasGravity>true</HasGravity>
	<IsOnFire>false</IsOnFire>
	<IsInvincible>false</IsInvincible>
	<IsBulletProof>false</IsBulletProof>
	<IsExplosionProof>false</IsExplosionProof>
	<IsFireProof>false</IsFireProof>
	<IsMeleeProof>false</IsMeleeProof>
	<IsOnlyDamagedByPlayer>false</IsOnlyDamagedByPlayer>
	<SpoonerAttachments SetAttachmentsPersistentAndAddToSpoonerDatabase="false" StartTaskSequencesOnLoad="true">
		<Attachment>
			<ModelHash>0x431fe24e</ModelHash>
			<Type>3</Type>
			<Dynamic>false</Dynamic>
			<FrozenPos>true</FrozenPos>
			<HashName>prop_speaker_06</HashName>
			<InitialHandle>335653</InitialHandle>
			<ObjectProperties>
				<TextureVariation>0</TextureVariation>
			</ObjectProperties>
			<OpacityLevel>255</OpacityLevel>
			<LodDistance>16960</LodDistance>
			<IsVisible>true</IsVisible>
			<MaxHealth>1000</MaxHealth>
			<Health>1000</Health>
			<HasGravity>true</HasGravity>
			<IsOnFire>false</IsOnFire>
			<IsInvincible>false</IsInvincible>
			<IsBulletProof>false</IsBulletProof>
			<IsCollisionProof>false</IsCollisionProof>
			<IsExplosionProof>false</IsExplosionProof>
			<IsFireProof>false</IsFireProof>
			<IsMeleeProof>false</IsMeleeProof>
			<IsOnlyDamagedByPlayer>false</IsOnlyDamagedByPlayer>
			<PositionRotation>
				<X>1068.26941</X>
				<Y>3062.61621</Y>
				<Z>40.7743301</Z>
				<Pitch>-2.01435781</Pitch>
				<Roll>-0.657617688</Roll>
				<Yaw>-67.422493</Yaw>
			</PositionRotation>
			<Attachment isAttached="true">
				<AttachedTo>584962</AttachedTo>
				<BoneIndex>0</BoneIndex>
				<X>-0.487516493</X>
				<Y>-2.55565643</Y>
				<Z>0.216101348</Z>
				<Pitch>0.0372878164</Pitch>
				<Roll>-0.599463105</Roll>
				<Yaw>-1.47377777</Yaw>
			</Attachment>
		</Attachment>
		<Attachment>
			<ModelHash>0x431fe24e</ModelHash>
			<Type>3</Type>
			<Dynamic>false</Dynamic>
			<FrozenPos>true</FrozenPos>
			<HashName>prop_speaker_06</HashName>
			<InitialHandle>260134</InitialHandle>
			<ObjectProperties>
				<TextureVariation>0</TextureVariation>
			</ObjectProperties>
			<OpacityLevel>255</OpacityLevel>
			<LodDistance>16960</LodDistance>
			<IsVisible>true</IsVisible>
			<MaxHealth>1000</MaxHealth>
			<Health>1000</Health>
			<HasGravity>true</HasGravity>
			<IsOnFire>false</IsOnFire>
			<IsInvincible>false</IsInvincible>
			<IsBulletProof>false</IsBulletProof>
			<IsCollisionProof>false</IsCollisionProof>
			<IsExplosionProof>false</IsExplosionProof>
			<IsFireProof>false</IsFireProof>
			<IsMeleeProof>false</IsMeleeProof>
			<IsOnlyDamagedByPlayer>false</IsOnlyDamagedByPlayer>
			<PositionRotation>
				<X>1068.66064</X>
				<Y>3061.7395</Y>
				<Z>40.7744217</Z>
				<Pitch>-2.01435781</Pitch>
				<Roll>-0.657617688</Roll>
				<Yaw>-67.422493</Yaw>
			</PositionRotation>
			<Attachment isAttached="true">
				<AttachedTo>584962</AttachedTo>
				<BoneIndex>0</BoneIndex>
				<X>0.472483516</X>
				<Y>-2.55565643</Y>
				<Z>0.216101348</Z>
				<Pitch>0.0372878164</Pitch>
				<Roll>-0.599463105</Roll>
				<Yaw>-1.47377777</Yaw>
			</Attachment>
		</Attachment>
		<Attachment>
			<ModelHash>0x431fe24e</ModelHash>
			<Type>3</Type>
			<Dynamic>false</Dynamic>
			<FrozenPos>true</FrozenPos>
			<HashName>prop_speaker_06</HashName>
			<InitialHandle>377382</InitialHandle>
			<ObjectProperties>
				<TextureVariation>0</TextureVariation>
			</ObjectProperties>
			<OpacityLevel>255</OpacityLevel>
			<LodDistance>16960</LodDistance>
			<IsVisible>true</IsVisible>
			<MaxHealth>1000</MaxHealth>
			<Health>1000</Health>
			<HasGravity>true</HasGravity>
			<IsOnFire>false</IsOnFire>
			<IsInvincible>false</IsInvincible>
			<IsBulletProof>false</IsBulletProof>
			<IsCollisionProof>false</IsCollisionProof>
			<IsExplosionProof>false</IsExplosionProof>
			<IsFireProof>false</IsFireProof>
			<IsMeleeProof>false</IsMeleeProof>
			<IsOnlyDamagedByPlayer>false</IsOnlyDamagedByPlayer>
			<PositionRotation>
				<X>1068.66064</X>
				<Y>3061.7395</Y>
				<Z>40.7744217</Z>
				<Pitch>-42.0143242</Pitch>
				<Roll>-0.677687824</Roll>
				<Yaw>-67.4728088</Yaw>
			</PositionRotation>
			<Attachment isAttached="true">
				<AttachedTo>584962</AttachedTo>
				<BoneIndex>0</BoneIndex>
				<X>0.472483516</X>
				<Y>-2.55565643</Y>
				<Z>0.216101348</Z>
				<Pitch>-39.9627113</Pitch>
				<Roll>-0.599463105</Roll>
				<Yaw>-1.47377777</Yaw>
			</Attachment>
		</Attachment>
		<Attachment>
			<ModelHash>0x431fe24e</ModelHash>
			<Type>3</Type>
			<Dynamic>false</Dynamic>
			<FrozenPos>true</FrozenPos>
			<HashName>prop_speaker_06</HashName>
			<InitialHandle>129063</InitialHandle>
			<ObjectProperties>
				<TextureVariation>0</TextureVariation>
			</ObjectProperties>
			<OpacityLevel>255</OpacityLevel>
			<LodDistance>16960</LodDistance>
			<IsVisible>true</IsVisible>
			<MaxHealth>1000</MaxHealth>
			<Health>1000</Health>
			<HasGravity>true</HasGravity>
			<IsOnFire>false</IsOnFire>
			<IsInvincible>false</IsInvincible>
			<IsBulletProof>false</IsBulletProof>
			<IsCollisionProof>false</IsCollisionProof>
			<IsExplosionProof>false</IsExplosionProof>
			<IsFireProof>false</IsFireProof>
			<IsMeleeProof>false</IsMeleeProof>
			<IsOnlyDamagedByPlayer>false</IsOnlyDamagedByPlayer>
			<PositionRotation>
				<X>1068.26941</X>
				<Y>3062.61621</Y>
				<Z>40.7743301</Z>
				<Pitch>-42.0143242</Pitch>
				<Roll>-0.677687824</Roll>
				<Yaw>-67.4728088</Yaw>
			</PositionRotation>
			<Attachment isAttached="true">
				<AttachedTo>584962</AttachedTo>
				<BoneIndex>0</BoneIndex>
				<X>-0.487516373</X>
				<Y>-2.55565643</Y>
				<Z>0.216101348</Z>
				<Pitch>-39.9627113</Pitch>
				<Roll>-0.599463105</Roll>
				<Yaw>-1.47377777</Yaw>
			</Attachment>
		</Attachment>
		<Attachment>
			<ModelHash>0x431fe24e</ModelHash>
			<Type>3</Type>
			<Dynamic>false</Dynamic>
			<FrozenPos>true</FrozenPos>
			<HashName>prop_speaker_06</HashName>
			<InitialHandle>364583</InitialHandle>
			<ObjectProperties>
				<TextureVariation>0</TextureVariation>
			</ObjectProperties>
			<OpacityLevel>255</OpacityLevel>
			<LodDistance>16960</LodDistance>
			<IsVisible>true</IsVisible>
			<MaxHealth>1000</MaxHealth>
			<Health>1000</Health>
			<HasGravity>true</HasGravity>
			<IsOnFire>false</IsOnFire>
			<IsInvincible>false</IsInvincible>
			<IsBulletProof>false</IsBulletProof>
			<IsCollisionProof>false</IsCollisionProof>
			<IsExplosionProof>false</IsExplosionProof>
			<IsFireProof>false</IsFireProof>
			<IsMeleeProof>false</IsMeleeProof>
			<IsOnlyDamagedByPlayer>false</IsOnlyDamagedByPlayer>
			<PositionRotation>
				<X>1068.40967</X>
				<Y>3062.67871</Y>
				<Z>41.1490746</Z>
				<Pitch>-42.0143242</Pitch>
				<Roll>-0.677687824</Roll>
				<Yaw>-67.4728088</Yaw>
			</PositionRotation>
			<Attachment isAttached="true">
				<AttachedTo>584962</AttachedTo>
				<BoneIndex>0</BoneIndex>
				<X>-0.487516373</X>
				<Y>-2.41565657</Y>
				<Z>0.596101046</Z>
				<Pitch>-39.9627113</Pitch>
				<Roll>-0.599463105</Roll>
				<Yaw>-1.47377777</Yaw>
			</Attachment>
		</Attachment>
		<Attachment>
			<ModelHash>0x431fe24e</ModelHash>
			<Type>3</Type>
			<Dynamic>false</Dynamic>
			<FrozenPos>true</FrozenPos>
			<HashName>prop_speaker_06</HashName>
			<InitialHandle>631591</InitialHandle>
			<ObjectProperties>
				<TextureVariation>0</TextureVariation>
			</ObjectProperties>
			<OpacityLevel>255</OpacityLevel>
			<LodDistance>16960</LodDistance>
			<IsVisible>true</IsVisible>
			<MaxHealth>1000</MaxHealth>
			<Health>1000</Health>
			<HasGravity>true</HasGravity>
			<IsOnFire>false</IsOnFire>
			<IsInvincible>false</IsInvincible>
			<IsBulletProof>false</IsBulletProof>
			<IsCollisionProof>false</IsCollisionProof>
			<IsExplosionProof>false</IsExplosionProof>
			<IsFireProof>false</IsFireProof>
			<IsMeleeProof>false</IsMeleeProof>
			<IsOnlyDamagedByPlayer>false</IsOnlyDamagedByPlayer>
			<PositionRotation>
				<X>1068.8009</X>
				<Y>3061.802</Y>
				<Z>41.1491623</Z>
				<Pitch>-42.0143242</Pitch>
				<Roll>-0.677687824</Roll>
				<Yaw>-67.4728088</Yaw>
			</PositionRotation>
			<Attachment isAttached="true">
				<AttachedTo>584962</AttachedTo>
				<BoneIndex>0</BoneIndex>
				<X>0.472483277</X>
				<Y>-2.41565657</Y>
				<Z>0.596101046</Z>
				<Pitch>-39.9627113</Pitch>
				<Roll>-0.599463105</Roll>
				<Yaw>-1.47377777</Yaw>
			</Attachment>
		</Attachment>
		<Attachment>
			<ModelHash>0x431fe24e</ModelHash>
			<Type>3</Type>
			<Dynamic>false</Dynamic>
			<FrozenPos>true</FrozenPos>
			<HashName>prop_speaker_06</HashName>
			<InitialHandle>200487</InitialHandle>
			<ObjectProperties>
				<TextureVariation>0</TextureVariation>
			</ObjectProperties>
			<OpacityLevel>255</OpacityLevel>
			<LodDistance>16960</LodDistance>
			<IsVisible>true</IsVisible>
			<MaxHealth>1000</MaxHealth>
			<Health>1000</Health>
			<HasGravity>true</HasGravity>
			<IsOnFire>false</IsOnFire>
			<IsInvincible>false</IsInvincible>
			<IsBulletProof>false</IsBulletProof>
			<IsCollisionProof>false</IsCollisionProof>
			<IsExplosionProof>false</IsExplosionProof>
			<IsFireProof>false</IsFireProof>
			<IsMeleeProof>false</IsMeleeProof>
			<IsOnlyDamagedByPlayer>false</IsOnlyDamagedByPlayer>
			<PositionRotation>
				<X>1068.9801</X>
				<Y>3061.88208</Y>
				<Z>41.0420647</Z>
				<Pitch>-82.0141907</Pitch>
				<Roll>-1.0177983</Roll>
				<Yaw>-67.8347321</Yaw>
			</PositionRotation>
			<Attachment isAttached="true">
				<AttachedTo>584962</AttachedTo>
				<BoneIndex>0</BoneIndex>
				<X>0.472483307</X>
				<Y>-2.21565676</Y>
				<Z>0.496101052</Z>
				<Pitch>-79.9627075</Pitch>
				<Roll>-0.599463105</Roll>
				<Yaw>-1.47377777</Yaw>
			</Attachment>
		</Attachment>
		<Attachment>
			<ModelHash>0x431fe24e</ModelHash>
			<Type>3</Type>
			<Dynamic>false</Dynamic>
			<FrozenPos>true</FrozenPos>
			<HashName>prop_speaker_06</HashName>
			<InitialHandle>781863</InitialHandle>
			<ObjectProperties>
				<TextureVariation>0</TextureVariation>
			</ObjectProperties>
			<OpacityLevel>255</OpacityLevel>
			<LodDistance>16960</LodDistance>
			<IsVisible>true</IsVisible>
			<MaxHealth>1000</MaxHealth>
			<Health>1000</Health>
			<HasGravity>true</HasGravity>
			<IsOnFire>false</IsOnFire>
			<IsInvincible>false</IsInvincible>
			<IsBulletProof>false</IsBulletProof>
			<IsCollisionProof>false</IsCollisionProof>
			<IsExplosionProof>false</IsExplosionProof>
			<IsFireProof>false</IsFireProof>
			<IsMeleeProof>false</IsMeleeProof>
			<IsOnlyDamagedByPlayer>false</IsOnlyDamagedByPlayer>
			<PositionRotation>
				<X>1069.43433</X>
				<Y>3062.07397</Y>
				<Z>41.11446</Z>
				<Pitch>-82.0141907</Pitch>
				<Roll>-1.0177983</Roll>
				<Yaw>-67.8347321</Yaw>
			</PositionRotation>
			<Attachment isAttached="true">
				<AttachedTo>584962</AttachedTo>
				<BoneIndex>0</BoneIndex>
				<X>0.482483298</X>
				<Y>-1.72565687</Y>
				<Z>0.586100996</Z>
				<Pitch>-79.9627075</Pitch>
				<Roll>-0.599463105</Roll>
				<Yaw>-1.47377777</Yaw>
			</Attachment>
		</Attachment>
		<Attachment>
			<ModelHash>0x431fe24e</ModelHash>
			<Type>3</Type>
			<Dynamic>false</Dynamic>
			<FrozenPos>true</FrozenPos>
			<HashName>prop_speaker_06</HashName>
			<InitialHandle>628520</InitialHandle>
			<ObjectProperties>
				<TextureVariation>0</TextureVariation>
			</ObjectProperties>
			<OpacityLevel>255</OpacityLevel>
			<LodDistance>16960</LodDistance>
			<IsVisible>true</IsVisible>
			<MaxHealth>1000</MaxHealth>
			<Health>1000</Health>
			<HasGravity>true</HasGravity>
			<IsOnFire>false</IsOnFire>
			<IsInvincible>false</IsInvincible>
			<IsBulletProof>false</IsBulletProof>
			<IsCollisionProof>false</IsCollisionProof>
			<IsExplosionProof>false</IsExplosionProof>
			<IsFireProof>false</IsFireProof>
			<IsMeleeProof>false</IsMeleeProof>
			<IsOnlyDamagedByPlayer>false</IsOnlyDamagedByPlayer>
			<PositionRotation>
				<X>1068.62329</X>
				<Y>3062.76318</Y>
				<Z>41.1308441</Z>
				<Pitch>-82.0141907</Pitch>
				<Roll>-1.0177983</Roll>
				<Yaw>-67.8347321</Yaw>
			</PositionRotation>
			<Attachment isAttached="true">
				<AttachedTo>584962</AttachedTo>
				<BoneIndex>0</BoneIndex>
				<X>-0.477516353</X>
				<Y>-2.18565655</Y>
				<Z>0.586100996</Z>
				<Pitch>-79.9627075</Pitch>
				<Roll>-0.599463105</Roll>
				<Yaw>-1.47377777</Yaw>
			</Attachment>
		</Attachment>
		<Attachment>
			<ModelHash>0x431fe24e</ModelHash>
			<Type>3</Type>
			<Dynamic>false</Dynamic>
			<FrozenPos>true</FrozenPos>
			<HashName>prop_speaker_06</HashName>
			<InitialHandle>169769</InitialHandle>
			<ObjectProperties>
				<TextureVariation>0</TextureVariation>
			</ObjectProperties>
			<OpacityLevel>255</OpacityLevel>
			<LodDistance>16960</LodDistance>
			<IsVisible>true</IsVisible>
			<MaxHealth>1000</MaxHealth>
			<Health>1000</Health>
			<HasGravity>true</HasGravity>
			<IsOnFire>false</IsOnFire>
			<IsInvincible>false</IsInvincible>
			<IsBulletProof>false</IsBulletProof>
			<IsCollisionProof>false</IsCollisionProof>
			<IsExplosionProof>false</IsExplosionProof>
			<IsFireProof>false</IsFireProof>
			<IsMeleeProof>false</IsMeleeProof>
			<IsOnlyDamagedByPlayer>false</IsOnlyDamagedByPlayer>
			<PositionRotation>
				<X>1069.09863</X>
				<Y>3062.97314</Y>
				<Z>41.1122208</Z>
				<Pitch>-82.0141907</Pitch>
				<Roll>-1.0177983</Roll>
				<Yaw>-67.8347321</Yaw>
			</PositionRotation>
			<Attachment isAttached="true">
				<AttachedTo>584962</AttachedTo>
				<BoneIndex>0</BoneIndex>
				<X>-0.47551626</X>
				<Y>-1.66565704</Y>
				<Z>0.586100996</Z>
				<Pitch>-79.9627075</Pitch>
				<Roll>-0.599463105</Roll>
				<Yaw>-1.47377777</Yaw>
			</Attachment>
		</Attachment>
		<Attachment>
			<ModelHash>0x431fe24e</ModelHash>
			<Type>3</Type>
			<Dynamic>false</Dynamic>
			<FrozenPos>true</FrozenPos>
			<HashName>prop_speaker_06</HashName>
			<InitialHandle>221225</InitialHandle>
			<ObjectProperties>
				<TextureVariation>0</TextureVariation>
			</ObjectProperties>
			<OpacityLevel>255</OpacityLevel>
			<LodDistance>16960</LodDistance>
			<IsVisible>true</IsVisible>
			<MaxHealth>1000</MaxHealth>
			<Health>1000</Health>
			<HasGravity>true</HasGravity>
			<IsOnFire>false</IsOnFire>
			<IsInvincible>false</IsInvincible>
			<IsBulletProof>false</IsBulletProof>
			<IsCollisionProof>false</IsCollisionProof>
			<IsExplosionProof>false</IsExplosionProof>
			<IsFireProof>false</IsFireProof>
			<IsMeleeProof>false</IsMeleeProof>
			<IsOnlyDamagedByPlayer>false</IsOnlyDamagedByPlayer>
			<PositionRotation>
				<X>1068.73804</X>
				<Y>3062.81885</Y>
				<Z>41.3364105</Z>
				<Pitch>-82.0141907</Pitch>
				<Roll>-1.0177983</Roll>
				<Yaw>-67.8347321</Yaw>
			</PositionRotation>
			<Attachment isAttached="true">
				<AttachedTo>584962</AttachedTo>
				<BoneIndex>0</BoneIndex>
				<X>-0.481516421</X>
				<Y>-2.06565666</Y>
				<Z>0.796100795</Z>
				<Pitch>-79.9627075</Pitch>
				<Roll>-0.599463105</Roll>
				<Yaw>-1.47377777</Yaw>
			</Attachment>
		</Attachment>
		<Attachment>
			<ModelHash>0x431fe24e</ModelHash>
			<Type>3</Type>
			<Dynamic>false</Dynamic>
			<FrozenPos>true</FrozenPos>
			<HashName>prop_speaker_06</HashName>
			<InitialHandle>674858</InitialHandle>
			<ObjectProperties>
				<TextureVariation>0</TextureVariation>
			</ObjectProperties>
			<OpacityLevel>255</OpacityLevel>
			<LodDistance>16960</LodDistance>
			<IsVisible>true</IsVisible>
			<MaxHealth>1000</MaxHealth>
			<Health>1000</Health>
			<HasGravity>true</HasGravity>
			<IsOnFire>false</IsOnFire>
			<IsInvincible>false</IsInvincible>
			<IsBulletProof>false</IsBulletProof>
			<IsCollisionProof>false</IsCollisionProof>
			<IsExplosionProof>false</IsExplosionProof>
			<IsFireProof>false</IsFireProof>
			<IsMeleeProof>false</IsMeleeProof>
			<IsOnlyDamagedByPlayer>false</IsOnlyDamagedByPlayer>
			<PositionRotation>
				<X>1069.12671</X>
				<Y>3061.94751</Y>
				<Z>41.3325005</Z>
				<Pitch>-82.0141907</Pitch>
				<Roll>-1.0177983</Roll>
				<Yaw>-67.8347321</Yaw>
			</PositionRotation>
			<Attachment isAttached="true">
				<AttachedTo>584962</AttachedTo>
				<BoneIndex>0</BoneIndex>
				<X>0.472483307</X>
				<Y>-2.06565762</Y>
				<Z>0.792100728</Z>
				<Pitch>-79.9627075</Pitch>
				<Roll>-0.599463105</Roll>
				<Yaw>-1.47377777</Yaw>
			</Attachment>
		</Attachment>
		<Attachment>
			<ModelHash>0x56d3d7e9</ModelHash>
			<Type>3</Type>
			<Dynamic>false</Dynamic>
			<FrozenPos>true</FrozenPos>
			<HashName>prop_cs_power_cell</HashName>
			<InitialHandle>219693</InitialHandle>
			<ObjectProperties>
				<TextureVariation>0</TextureVariation>
			</ObjectProperties>
			<OpacityLevel>255</OpacityLevel>
			<LodDistance>16960</LodDistance>
			<IsVisible>true</IsVisible>
			<MaxHealth>1000</MaxHealth>
			<Health>1000</Health>
			<HasGravity>true</HasGravity>
			<IsOnFire>false</IsOnFire>
			<IsInvincible>false</IsInvincible>
			<IsBulletProof>false</IsBulletProof>
			<IsCollisionProof>false</IsCollisionProof>
			<IsExplosionProof>false</IsExplosionProof>
			<IsFireProof>false</IsFireProof>
			<IsMeleeProof>false</IsMeleeProof>
			<IsOnlyDamagedByPlayer>false</IsOnlyDamagedByPlayer>
			<PositionRotation>
				<X>1069.30005</X>
				<Y>3062.021</Y>
				<Z>41.2825279</Z>
				<Pitch>-8.91047192</Pitch>
				<Roll>-0.568293035</Roll>
				<Yaw>113.347023</Yaw>
			</PositionRotation>
			<Attachment isAttached="true">
				<AttachedTo>584962</AttachedTo>
				<BoneIndex>0</BoneIndex>
				<X>0.476135969</X>
				<Y>-1.87573516</Y>
				<Z>0.74890244</Z>
				<Pitch>-10.9627132</Pitch>
				<Roll>-0.599463105</Roll>
				<Yaw>-180.710632</Yaw>
			</Attachment>
		</Attachment>
		<Attachment>
			<ModelHash>0x56d3d7e9</ModelHash>
			<Type>3</Type>
			<Dynamic>false</Dynamic>
			<FrozenPos>true</FrozenPos>
			<HashName>prop_cs_power_cell</HashName>
			<InitialHandle>768301</InitialHandle>
			<ObjectProperties>
				<TextureVariation>0</TextureVariation>
			</ObjectProperties>
			<OpacityLevel>255</OpacityLevel>
			<LodDistance>16960</LodDistance>
			<IsVisible>true</IsVisible>
			<MaxHealth>1000</MaxHealth>
			<Health>1000</Health>
			<HasGravity>true</HasGravity>
			<IsOnFire>false</IsOnFire>
			<IsInvincible>false</IsInvincible>
			<IsBulletProof>false</IsBulletProof>
			<IsCollisionProof>false</IsCollisionProof>
			<IsExplosionProof>false</IsExplosionProof>
			<IsFireProof>false</IsFireProof>
			<IsMeleeProof>false</IsMeleeProof>
			<IsOnlyDamagedByPlayer>false</IsOnlyDamagedByPlayer>
			<PositionRotation>
				<X>1069.28674</X>
				<Y>3062.01489</Y>
				<Z>41.4331512</Z>
				<Pitch>-8.91047192</Pitch>
				<Roll>-0.568293035</Roll>
				<Yaw>113.347023</Yaw>
			</PositionRotation>
			<Attachment isAttached="true">
				<AttachedTo>584962</AttachedTo>
				<BoneIndex>0</BoneIndex>
				<X>0.476135969</X>
				<Y>-1.89573514</Y>
				<Z>0.898902297</Z>
				<Pitch>-10.9627132</Pitch>
				<Roll>-0.599463105</Roll>
				<Yaw>-180.710632</Yaw>
			</Attachment>
		</Attachment>
		<Attachment>
			<ModelHash>0x56d3d7e9</ModelHash>
			<Type>3</Type>
			<Dynamic>false</Dynamic>
			<FrozenPos>true</FrozenPos>
			<HashName>prop_cs_power_cell</HashName>
			<InitialHandle>103726</InitialHandle>
			<ObjectProperties>
				<TextureVariation>0</TextureVariation>
			</ObjectProperties>
			<OpacityLevel>255</OpacityLevel>
			<LodDistance>16960</LodDistance>
			<IsVisible>true</IsVisible>
			<MaxHealth>1000</MaxHealth>
			<Health>1000</Health>
			<HasGravity>true</HasGravity>
			<IsOnFire>false</IsOnFire>
			<IsInvincible>false</IsInvincible>
			<IsBulletProof>false</IsBulletProof>
			<IsCollisionProof>false</IsCollisionProof>
			<IsExplosionProof>false</IsExplosionProof>
			<IsFireProof>false</IsFireProof>
			<IsMeleeProof>false</IsMeleeProof>
			<IsOnlyDamagedByPlayer>false</IsOnlyDamagedByPlayer>
			<PositionRotation>
				<X>1068.89551</X>
				<Y>3062.8916</Y>
				<Z>41.4330597</Z>
				<Pitch>-8.91047192</Pitch>
				<Roll>-0.568293035</Roll>
				<Yaw>113.347023</Yaw>
			</PositionRotation>
			<Attachment isAttached="true">
				<AttachedTo>584962</AttachedTo>
				<BoneIndex>0</BoneIndex>
				<X>-0.483864188</X>
				<Y>-1.89573514</Y>
				<Z>0.898902297</Z>
				<Pitch>-10.9627132</Pitch>
				<Roll>-0.599463105</Roll>
				<Yaw>-180.710632</Yaw>
			</Attachment>
		</Attachment>
		<Attachment>
			<ModelHash>0x56d3d7e9</ModelHash>
			<Type>3</Type>
			<Dynamic>false</Dynamic>
			<FrozenPos>true</FrozenPos>
			<HashName>prop_cs_power_cell</HashName>
			<InitialHandle>228910</InitialHandle>
			<ObjectProperties>
				<TextureVariation>0</TextureVariation>
			</ObjectProperties>
			<OpacityLevel>255</OpacityLevel>
			<LodDistance>16960</LodDistance>
			<IsVisible>true</IsVisible>
			<MaxHealth>1000</MaxHealth>
			<Health>1000</Health>
			<HasGravity>true</HasGravity>
			<IsOnFire>false</IsOnFire>
			<IsInvincible>false</IsInvincible>
			<IsBulletProof>false</IsBulletProof>
			<IsCollisionProof>false</IsCollisionProof>
			<IsExplosionProof>false</IsExplosionProof>
			<IsFireProof>false</IsFireProof>
			<IsMeleeProof>false</IsMeleeProof>
			<IsOnlyDamagedByPlayer>false</IsOnlyDamagedByPlayer>
			<PositionRotation>
				<X>1068.92712</X>
				<Y>3062.90576</Y>
				<Z>41.281723</Z>
				<Pitch>-8.91047192</Pitch>
				<Roll>-0.568293035</Roll>
				<Yaw>113.347023</Yaw>
			</PositionRotation>
			<Attachment isAttached="true">
				<AttachedTo>584962</AttachedTo>
				<BoneIndex>0</BoneIndex>
				<X>-0.483864188</X>
				<Y>-1.8557353</Y>
				<Z>0.74890244</Z>
				<Pitch>-10.9627132</Pitch>
				<Roll>-0.599463105</Roll>
				<Yaw>-180.710632</Yaw>
			</Attachment>
		</Attachment>
		<Attachment>
			<ModelHash>0x431fe24e</ModelHash>
			<Type>3</Type>
			<Dynamic>false</Dynamic>
			<FrozenPos>true</FrozenPos>
			<HashName>prop_speaker_06</HashName>
			<InitialHandle>124463</InitialHandle>
			<ObjectProperties>
				<TextureVariation>0</TextureVariation>
			</ObjectProperties>
			<OpacityLevel>255</OpacityLevel>
			<LodDistance>16960</LodDistance>
			<IsVisible>true</IsVisible>
			<MaxHealth>1000</MaxHealth>
			<Health>1000</Health>
			<HasGravity>true</HasGravity>
			<IsOnFire>false</IsOnFire>
			<IsInvincible>false</IsInvincible>
			<IsBulletProof>false</IsBulletProof>
			<IsCollisionProof>false</IsCollisionProof>
			<IsExplosionProof>false</IsExplosionProof>
			<IsFireProof>false</IsFireProof>
			<IsMeleeProof>false</IsMeleeProof>
			<IsOnlyDamagedByPlayer>false</IsOnlyDamagedByPlayer>
			<PositionRotation>
				<X>1068.62</X>
				<Y>3062.76172</Y>
				<Z>41.0309067</Z>
				<Pitch>-82.0141907</Pitch>
				<Roll>-1.0177983</Roll>
				<Yaw>-67.8347321</Yaw>
			</PositionRotation>
			<Attachment isAttached="true">
				<AttachedTo>584962</AttachedTo>
				<BoneIndex>0</BoneIndex>
				<X>-0.477516353</X>
				<Y>-2.18565655</Y>
				<Z>0.486101091</Z>
				<Pitch>-79.9627075</Pitch>
				<Roll>-0.599463105</Roll>
				<Yaw>-1.47377777</Yaw>
			</Attachment>
		</Attachment>
		<Attachment>
			<ModelHash>0x8538a366</ModelHash>
			<Type>3</Type>
			<Dynamic>false</Dynamic>
			<FrozenPos>true</FrozenPos>
			<HashName>prop_power_cell</HashName>
			<InitialHandle>701743</InitialHandle>
			<ObjectProperties>
				<TextureVariation>0</TextureVariation>
			</ObjectProperties>
			<OpacityLevel>255</OpacityLevel>
			<LodDistance>16960</LodDistance>
			<IsVisible>true</IsVisible>
			<MaxHealth>1000</MaxHealth>
			<Health>1000</Health>
			<HasGravity>true</HasGravity>
			<IsOnFire>false</IsOnFire>
			<IsInvincible>false</IsInvincible>
			<IsBulletProof>false</IsBulletProof>
			<IsCollisionProof>false</IsCollisionProof>
			<IsExplosionProof>false</IsExplosionProof>
			<IsFireProof>false</IsFireProof>
			<IsMeleeProof>false</IsMeleeProof>
			<IsOnlyDamagedByPlayer>false</IsOnlyDamagedByPlayer>
			<PositionRotation>
				<X>1073.30261</X>
				<Y>3063.69263</Y>
				<Z>40.540844</Z>
				<Pitch>-2.42655444</Pitch>
				<Roll>-0.175144404</Roll>
				<Yaw>-69.9514313</Yaw>
			</PositionRotation>
			<Attachment isAttached="true">
				<AttachedTo>584962</AttachedTo>
				<BoneIndex>6</BoneIndex>
				<X>0.439999908</X>
				<Y>-0.170000061</Y>
				<Z>0.0100000016</Z>
				<Pitch>0</Pitch>
				<Roll>0</Roll>
				<Yaw>-4.00000048</Yaw>
			</Attachment>
		</Attachment>
		<Attachment>
			<ModelHash>0x8538a366</ModelHash>
			<Type>3</Type>
			<Dynamic>false</Dynamic>
			<FrozenPos>true</FrozenPos>
			<HashName>prop_power_cell</HashName>
			<InitialHandle>648240</InitialHandle>
			<ObjectProperties>
				<TextureVariation>0</TextureVariation>
			</ObjectProperties>
			<OpacityLevel>255</OpacityLevel>
			<LodDistance>16960</LodDistance>
			<IsVisible>true</IsVisible>
			<MaxHealth>1000</MaxHealth>
			<Health>1000</Health>
			<HasGravity>true</HasGravity>
			<IsOnFire>false</IsOnFire>
			<IsInvincible>false</IsInvincible>
			<IsBulletProof>false</IsBulletProof>
			<IsCollisionProof>false</IsCollisionProof>
			<IsExplosionProof>false</IsExplosionProof>
			<IsFireProof>false</IsFireProof>
			<IsMeleeProof>false</IsMeleeProof>
			<IsOnlyDamagedByPlayer>false</IsOnlyDamagedByPlayer>
			<PositionRotation>
				<X>1072.83411</X>
				<Y>3064.74438</Y>
				<Z>40.5406952</Z>
				<Pitch>-2.42008114</Pitch>
				<Roll>0.249135241</Roll>
				<Yaw>-59.9424591</Yaw>
			</PositionRotation>
			<Attachment isAttached="true">
				<AttachedTo>584962</AttachedTo>
				<BoneIndex>5</BoneIndex>
				<X>-0.350000143</X>
				<Y>-0.180000067</Y>
				<Z>0.0100000016</Z>
				<Pitch>0</Pitch>
				<Roll>0</Roll>
				<Yaw>6</Yaw>
			</Attachment>
		</Attachment>
		<Attachment>
			<ModelHash>0x2129af0f</ModelHash>
			<Type>3</Type>
			<Dynamic>false</Dynamic>
			<FrozenPos>true</FrozenPos>
			<HashName>imp_prop_impexp_radiator_01</HashName>
			<InitialHandle>250418</InitialHandle>
			<ObjectProperties>
				<TextureVariation>0</TextureVariation>
			</ObjectProperties>
			<OpacityLevel>255</OpacityLevel>
			<LodDistance>16960</LodDistance>
			<IsVisible>true</IsVisible>
			<MaxHealth>1000</MaxHealth>
			<Health>1000</Health>
			<HasGravity>true</HasGravity>
			<IsOnFire>false</IsOnFire>
			<IsInvincible>false</IsInvincible>
			<IsBulletProof>false</IsBulletProof>
			<IsCollisionProof>false</IsCollisionProof>
			<IsExplosionProof>false</IsExplosionProof>
			<IsFireProof>false</IsFireProof>
			<IsMeleeProof>false</IsMeleeProof>
			<IsOnlyDamagedByPlayer>false</IsOnlyDamagedByPlayer>
			<PositionRotation>
				<X>1073.01953</X>
				<Y>3064.20166</Y>
				<Z>40.3265724</Z>
				<Pitch>-32.4328613</Pitch>
				<Roll>-0.00633233646</Roll>
				<Yaw>-65.9510117</Yaw>
			</PositionRotation>
			<Attachment isAttached="true">
				<AttachedTo>584962</AttachedTo>
				<BoneIndex>7</BoneIndex>
				<X>0.0100000016</X>
				<Y>0.570000112</Y>
				<Z>-0.200000018</Z>
				<Pitch>-30.0000038</Pitch>
				<Roll>0</Roll>
				<Yaw>0</Yaw>
			</Attachment>
		</Attachment>
		<Attachment>
			<ModelHash>0x7272067b</ModelHash>
			<Type>3</Type>
			<Dynamic>false</Dynamic>
			<FrozenPos>true</FrozenPos>
			<HashName>xm_prop_x17_sub_lampa_large_blue</HashName>
			<InitialHandle>268083</InitialHandle>
			<ObjectProperties>
				<TextureVariation>0</TextureVariation>
			</ObjectProperties>
			<OpacityLevel>255</OpacityLevel>
			<LodDistance>16960</LodDistance>
			<IsVisible>true</IsVisible>
			<MaxHealth>1000</MaxHealth>
			<Health>1000</Health>
			<HasGravity>true</HasGravity>
			<IsOnFire>false</IsOnFire>
			<IsInvincible>false</IsInvincible>
			<IsBulletProof>false</IsBulletProof>
			<IsCollisionProof>false</IsCollisionProof>
			<IsExplosionProof>false</IsExplosionProof>
			<IsFireProof>false</IsFireProof>
			<IsMeleeProof>false</IsMeleeProof>
			<IsOnlyDamagedByPlayer>false</IsOnlyDamagedByPlayer>
			<PositionRotation>
				<X>1068.49255</X>
				<Y>3062.19043</Y>
				<Z>40.6434174</Z>
				<Pitch>-0.00534355547</Pitch>
				<Roll>82.0524521</Roll>
				<Yaw>24.0523911</Yaw>
			</PositionRotation>
			<Attachment isAttached="true">
				<AttachedTo>584962</AttachedTo>
				<BoneIndex>49</BoneIndex>
				<X>0.960000277</X>
				<Y>0.100000009</Y>
				<Z>-0.0599999912</Z>
				<Pitch>0</Pitch>
				<Roll>80</Roll>
				<Yaw>90.0000153</Yaw>
			</Attachment>
		</Attachment>
		<Attachment>
			<ModelHash>0x76be8848</ModelHash>
			<Type>3</Type>
			<Dynamic>false</Dynamic>
			<FrozenPos>true</FrozenPos>
			<HashName>xm_prop_x17_sub_lampa_small_blue</HashName>
			<InitialHandle>188981</InitialHandle>
			<ObjectProperties>
				<TextureVariation>0</TextureVariation>
			</ObjectProperties>
			<OpacityLevel>255</OpacityLevel>
			<LodDistance>16960</LodDistance>
			<IsVisible>true</IsVisible>
			<MaxHealth>1000</MaxHealth>
			<Health>1000</Health>
			<HasGravity>true</HasGravity>
			<IsOnFire>false</IsOnFire>
			<IsInvincible>false</IsInvincible>
			<IsBulletProof>false</IsBulletProof>
			<IsCollisionProof>false</IsCollisionProof>
			<IsExplosionProof>false</IsExplosionProof>
			<IsFireProof>false</IsFireProof>
			<IsMeleeProof>false</IsMeleeProof>
			<IsOnlyDamagedByPlayer>false</IsOnlyDamagedByPlayer>
			<PositionRotation>
				<X>1073.3916</X>
				<Y>3063.41846</Y>
				<Z>40.4201813</Z>
				<Pitch>-2.05246139</Pitch>
				<Roll>-90.0053482</Roll>
				<Yaw>-65.9478073</Yaw>
			</PositionRotation>
			<Attachment isAttached="true">
				<AttachedTo>584962</AttachedTo>
				<BoneIndex>36</BoneIndex>
				<X>-0.100000024</X>
				<Y>-0.170000017</Y>
				<Z>-0.100000016</Z>
				<Pitch>0</Pitch>
				<Roll>-90.0000076</Roll>
				<Yaw>0</Yaw>
			</Attachment>
		</Attachment>
		<Attachment>
			<ModelHash>0x76be8848</ModelHash>
			<Type>3</Type>
			<Dynamic>false</Dynamic>
			<FrozenPos>true</FrozenPos>
			<HashName>xm_prop_x17_sub_lampa_small_blue</HashName>
			<InitialHandle>96821</InitialHandle>
			<ObjectProperties>
				<TextureVariation>0</TextureVariation>
			</ObjectProperties>
			<OpacityLevel>255</OpacityLevel>
			<LodDistance>16960</LodDistance>
			<IsVisible>true</IsVisible>
			<MaxHealth>1000</MaxHealth>
			<Health>1000</Health>
			<HasGravity>true</HasGravity>
			<IsOnFire>false</IsOnFire>
			<IsInvincible>false</IsInvincible>
			<IsBulletProof>false</IsBulletProof>
			<IsCollisionProof>false</IsCollisionProof>
			<IsExplosionProof>false</IsExplosionProof>
			<IsFireProof>false</IsFireProof>
			<IsMeleeProof>false</IsMeleeProof>
			<IsOnlyDamagedByPlayer>false</IsOnlyDamagedByPlayer>
			<PositionRotation>
				<X>1073.3916</X>
				<Y>3063.41846</Y>
				<Z>40.4201813</Z>
				<Pitch>-2.05246139</Pitch>
				<Roll>89.9946289</Roll>
				<Yaw>-65.9478073</Yaw>
			</PositionRotation>
			<Attachment isAttached="true">
				<AttachedTo>584962</AttachedTo>
				<BoneIndex>36</BoneIndex>
				<X>-0.100000024</X>
				<Y>-0.170000017</Y>
				<Z>-0.100000016</Z>
				<Pitch>0</Pitch>
				<Roll>89.9999847</Roll>
				<Yaw>0</Yaw>
			</Attachment>
		</Attachment>
		<Attachment>
			<ModelHash>0x76be8848</ModelHash>
			<Type>3</Type>
			<Dynamic>false</Dynamic>
			<FrozenPos>true</FrozenPos>
			<HashName>xm_prop_x17_sub_lampa_small_blue</HashName>
			<InitialHandle>327478</InitialHandle>
			<ObjectProperties>
				<TextureVariation>0</TextureVariation>
			</ObjectProperties>
			<OpacityLevel>255</OpacityLevel>
			<LodDistance>16960</LodDistance>
			<IsVisible>true</IsVisible>
			<MaxHealth>1000</MaxHealth>
			<Health>1000</Health>
			<HasGravity>true</HasGravity>
			<IsOnFire>false</IsOnFire>
			<IsInvincible>false</IsInvincible>
			<IsBulletProof>false</IsBulletProof>
			<IsCollisionProof>false</IsCollisionProof>
			<IsExplosionProof>false</IsExplosionProof>
			<IsFireProof>false</IsFireProof>
			<IsMeleeProof>false</IsMeleeProof>
			<IsOnlyDamagedByPlayer>false</IsOnlyDamagedByPlayer>
			<PositionRotation>
				<X>1072.68652</X>
				<Y>3064.99829</Y>
				<Z>40.4200211</Z>
				<Pitch>-2.05246139</Pitch>
				<Roll>89.9946289</Roll>
				<Yaw>-65.9478073</Yaw>
			</PositionRotation>
			<Attachment isAttached="true">
				<AttachedTo>584962</AttachedTo>
				<BoneIndex>36</BoneIndex>
				<X>-1.8300004</X>
				<Y>-0.170000017</Y>
				<Z>-0.100000016</Z>
				<Pitch>0</Pitch>
				<Roll>89.9999847</Roll>
				<Yaw>0</Yaw>
			</Attachment>
		</Attachment>
		<Attachment>
			<ModelHash>0x76be8848</ModelHash>
			<Type>3</Type>
			<Dynamic>false</Dynamic>
			<FrozenPos>true</FrozenPos>
			<HashName>xm_prop_x17_sub_lampa_small_blue</HashName>
			<InitialHandle>731702</InitialHandle>
			<ObjectProperties>
				<TextureVariation>0</TextureVariation>
			</ObjectProperties>
			<OpacityLevel>255</OpacityLevel>
			<LodDistance>16960</LodDistance>
			<IsVisible>true</IsVisible>
			<MaxHealth>1000</MaxHealth>
			<Health>1000</Health>
			<HasGravity>true</HasGravity>
			<IsOnFire>false</IsOnFire>
			<IsInvincible>false</IsInvincible>
			<IsBulletProof>false</IsBulletProof>
			<IsCollisionProof>false</IsCollisionProof>
			<IsExplosionProof>false</IsExplosionProof>
			<IsFireProof>false</IsFireProof>
			<IsMeleeProof>false</IsMeleeProof>
			<IsOnlyDamagedByPlayer>false</IsOnlyDamagedByPlayer>
			<PositionRotation>
				<X>1072.6825</X>
				<Y>3065.00757</Y>
				<Z>40.4200172</Z>
				<Pitch>-2.05246139</Pitch>
				<Roll>-90.0053711</Roll>
				<Yaw>-65.9478073</Yaw>
			</PositionRotation>
			<Attachment isAttached="true">
				<AttachedTo>584962</AttachedTo>
				<BoneIndex>36</BoneIndex>
				<X>-1.84000039</X>
				<Y>-0.170000017</Y>
				<Z>-0.100000016</Z>
				<Pitch>0</Pitch>
				<Roll>-90.0000229</Roll>
				<Yaw>0</Yaw>
			</Attachment>
		</Attachment>
		<Attachment>
			<ModelHash>0x3d66cd4d</ModelHash>
			<Type>3</Type>
			<Dynamic>false</Dynamic>
			<FrozenPos>true</FrozenPos>
			<HashName>hei_prop_mini_sever_01</HashName>
			<InitialHandle>188213</InitialHandle>
			<ObjectProperties>
				<TextureVariation>0</TextureVariation>
			</ObjectProperties>
			<OpacityLevel>255</OpacityLevel>
			<LodDistance>16960</LodDistance>
			<IsVisible>true</IsVisible>
			<MaxHealth>1000</MaxHealth>
			<Health>1000</Health>
			<HasGravity>true</HasGravity>
			<IsOnFire>false</IsOnFire>
			<IsInvincible>false</IsInvincible>
			<IsBulletProof>false</IsBulletProof>
			<IsCollisionProof>false</IsCollisionProof>
			<IsExplosionProof>false</IsExplosionProof>
			<IsFireProof>false</IsFireProof>
			<IsMeleeProof>false</IsMeleeProof>
			<IsOnlyDamagedByPlayer>false</IsOnlyDamagedByPlayer>
			<PositionRotation>
				<X>1072.4115</X>
				<Y>3063.94116</Y>
				<Z>40.5448418</Z>
				<Pitch>-87.5673065</Pitch>
				<Roll>-179.874115</Roll>
				<Yaw>114.178139</Yaw>
			</PositionRotation>
			<Attachment isAttached="true">
				<AttachedTo>584962</AttachedTo>
				<BoneIndex>7</BoneIndex>
				<X>0</X>
				<Y>-0.100000016</Y>
				<Z>-0.0100000016</Z>
				<Pitch>-90.0000076</Pitch>
				<Roll>0</Roll>
				<Yaw>0</Yaw>
			</Attachment>
		</Attachment>
		<Attachment>
			<ModelHash>0xdf97f49c</ModelHash>
			<Type>3</Type>
			<Dynamic>false</Dynamic>
			<FrozenPos>true</FrozenPos>
			<HashName>hei_prop_server_piece_lights</HashName>
			<InitialHandle>717369</InitialHandle>
			<ObjectProperties>
				<TextureVariation>0</TextureVariation>
			</ObjectProperties>
			<OpacityLevel>255</OpacityLevel>
			<LodDistance>16960</LodDistance>
			<IsVisible>true</IsVisible>
			<MaxHealth>1000</MaxHealth>
			<Health>1000</Health>
			<HasGravity>true</HasGravity>
			<IsOnFire>false</IsOnFire>
			<IsInvincible>false</IsInvincible>
			<IsBulletProof>false</IsBulletProof>
			<IsCollisionProof>false</IsCollisionProof>
			<IsExplosionProof>false</IsExplosionProof>
			<IsFireProof>false</IsFireProof>
			<IsMeleeProof>false</IsMeleeProof>
			<IsOnlyDamagedByPlayer>false</IsOnlyDamagedByPlayer>
			<PositionRotation>
				<X>1073.09167</X>
				<Y>3064.19507</Y>
				<Z>40.4866486</Z>
				<Pitch>2.08818674</Pitch>
				<Roll>-0.519174933</Roll>
				<Yaw>111.959152</Yaw>
			</PositionRotation>
			<Attachment isAttached="true">
				<AttachedTo>584962</AttachedTo>
				<BoneIndex>0</BoneIndex>
				<X>0.0359724946</X>
				<Y>2.49857044</Y>
				<Z>0.109317362</Z>
				<Pitch>0.0372878164</Pitch>
				<Roll>-0.599463105</Roll>
				<Yaw>-182.091644</Yaw>
			</Attachment>
		</Attachment>
		<Attachment>
			<ModelHash>0xdf97f49c</ModelHash>
			<Type>3</Type>
			<Dynamic>false</Dynamic>
			<FrozenPos>true</FrozenPos>
			<HashName>hei_prop_server_piece_lights</HashName>
			<InitialHandle>186939</InitialHandle>
			<ObjectProperties>
				<TextureVariation>0</TextureVariation>
			</ObjectProperties>
			<OpacityLevel>255</OpacityLevel>
			<LodDistance>16960</LodDistance>
			<IsVisible>true</IsVisible>
			<MaxHealth>1000</MaxHealth>
			<Health>1000</Health>
			<HasGravity>true</HasGravity>
			<IsOnFire>false</IsOnFire>
			<IsInvincible>false</IsInvincible>
			<IsBulletProof>false</IsBulletProof>
			<IsCollisionProof>false</IsCollisionProof>
			<IsExplosionProof>false</IsExplosionProof>
			<IsFireProof>false</IsFireProof>
			<IsMeleeProof>false</IsMeleeProof>
			<IsOnlyDamagedByPlayer>false</IsOnlyDamagedByPlayer>
			<PositionRotation>
				<X>1073.09375</X>
				<Y>3064.19604</Y>
				<Z>40.5466118</Z>
				<Pitch>2.08818674</Pitch>
				<Roll>-0.519174933</Roll>
				<Yaw>111.959152</Yaw>
			</PositionRotation>
			<Attachment isAttached="true">
				<AttachedTo>584962</AttachedTo>
				<BoneIndex>0</BoneIndex>
				<X>0.0359724946</X>
				<Y>2.49857044</Y>
				<Z>0.169317394</Z>
				<Pitch>0.0372878164</Pitch>
				<Roll>-0.599463105</Roll>
				<Yaw>-182.091644</Yaw>
			</Attachment>
		</Attachment>
		<Attachment>
			<ModelHash>0xdf97f49c</ModelHash>
			<Type>3</Type>
			<Dynamic>false</Dynamic>
			<FrozenPos>true</FrozenPos>
			<HashName>hei_prop_server_piece_lights</HashName>
			<InitialHandle>492091</InitialHandle>
			<ObjectProperties>
				<TextureVariation>0</TextureVariation>
			</ObjectProperties>
			<OpacityLevel>255</OpacityLevel>
			<LodDistance>16960</LodDistance>
			<IsVisible>true</IsVisible>
			<MaxHealth>1000</MaxHealth>
			<Health>1000</Health>
			<HasGravity>true</HasGravity>
			<IsOnFire>false</IsOnFire>
			<IsInvincible>false</IsInvincible>
			<IsBulletProof>false</IsBulletProof>
			<IsCollisionProof>false</IsCollisionProof>
			<IsExplosionProof>false</IsExplosionProof>
			<IsFireProof>false</IsFireProof>
			<IsMeleeProof>false</IsMeleeProof>
			<IsOnlyDamagedByPlayer>false</IsOnlyDamagedByPlayer>
			<PositionRotation>
				<X>1073.09497</X>
				<Y>3064.19653</Y>
				<Z>40.586586</Z>
				<Pitch>2.08818674</Pitch>
				<Roll>-0.519174933</Roll>
				<Yaw>111.959152</Yaw>
			</PositionRotation>
			<Attachment isAttached="true">
				<AttachedTo>584962</AttachedTo>
				<BoneIndex>0</BoneIndex>
				<X>0.0359724946</X>
				<Y>2.49857044</Y>
				<Z>0.209317416</Z>
				<Pitch>0.0372878164</Pitch>
				<Roll>-0.599463105</Roll>
				<Yaw>-182.091644</Yaw>
			</Attachment>
		</Attachment>
		<Attachment>
			<ModelHash>0x0e527908</ModelHash>
			<Type>3</Type>
			<Dynamic>false</Dynamic>
			<FrozenPos>true</FrozenPos>
			<HashName>imp_prop_impexp_exhaust_05</HashName>
			<InitialHandle>121660</InitialHandle>
			<ObjectProperties>
				<TextureVariation>0</TextureVariation>
			</ObjectProperties>
			<OpacityLevel>255</OpacityLevel>
			<LodDistance>16960</LodDistance>
			<IsVisible>true</IsVisible>
			<MaxHealth>1000</MaxHealth>
			<Health>1000</Health>
			<HasGravity>true</HasGravity>
			<IsOnFire>false</IsOnFire>
			<IsInvincible>false</IsInvincible>
			<IsBulletProof>false</IsBulletProof>
			<IsCollisionProof>false</IsCollisionProof>
			<IsExplosionProof>false</IsExplosionProof>
			<IsFireProof>false</IsFireProof>
			<IsMeleeProof>false</IsMeleeProof>
			<IsOnlyDamagedByPlayer>false</IsOnlyDamagedByPlayer>
			<PositionRotation>
				<X>1068.6842</X>
				<Y>3061.73901</Y>
				<Z>40.3388786</Z>
				<Pitch>7.02446222</Pitch>
				<Roll>0.219881445</Roll>
				<Yaw>-59.7367134</Yaw>
			</PositionRotation>
			<Attachment isAttached="true">
				<AttachedTo>584962</AttachedTo>
				<BoneIndex>0</BoneIndex>
				<X>0.482568383</X>
				<Y>-2.51890707</Y>
				<Z>-0.21840331</Z>
				<Pitch>9.06539917</Pitch>
				<Roll>0.000442922115</Roll>
				<Yaw>6.24171448</Yaw>
			</Attachment>
		</Attachment>
		<Attachment>
			<ModelHash>0x0e527908</ModelHash>
			<Type>3</Type>
			<Dynamic>false</Dynamic>
			<FrozenPos>true</FrozenPos>
			<HashName>imp_prop_impexp_exhaust_05</HashName>
			<InitialHandle>582461</InitialHandle>
			<ObjectProperties>
				<TextureVariation>0</TextureVariation>
			</ObjectProperties>
			<OpacityLevel>255</OpacityLevel>
			<LodDistance>16960</LodDistance>
			<IsVisible>true</IsVisible>
			<MaxHealth>1000</MaxHealth>
			<Health>1000</Health>
			<HasGravity>true</HasGravity>
			<IsOnFire>false</IsOnFire>
			<IsInvincible>false</IsInvincible>
			<IsBulletProof>false</IsBulletProof>
			<IsCollisionProof>false</IsCollisionProof>
			<IsExplosionProof>false</IsExplosionProof>
			<IsFireProof>false</IsFireProof>
			<IsMeleeProof>false</IsMeleeProof>
			<IsOnlyDamagedByPlayer>false</IsOnlyDamagedByPlayer>
			<PositionRotation>
				<X>1068.28882</X>
				<Y>3062.62476</Y>
				<Z>40.3387909</Z>
				<Pitch>7.04338026</Pitch>
				<Roll>-0.355312347</Roll>
				<Yaw>-75.6561432</Yaw>
			</PositionRotation>
			<Attachment isAttached="true">
				<AttachedTo>584962</AttachedTo>
				<BoneIndex>0</BoneIndex>
				<X>-0.487431824</X>
				<Y>-2.51890707</Y>
				<Z>-0.21840331</Z>
				<Pitch>9.06539917</Pitch>
				<Roll>0.000442922115</Roll>
				<Yaw>-9.75828648</Yaw>
			</Attachment>
		</Attachment>
		<Attachment>
			<ModelHash>0x8538a366</ModelHash>
			<Type>3</Type>
			<Dynamic>false</Dynamic>
			<FrozenPos>true</FrozenPos>
			<HashName>prop_power_cell</HashName>
			<InitialHandle>435007</InitialHandle>
			<ObjectProperties>
				<TextureVariation>0</TextureVariation>
			</ObjectProperties>
			<OpacityLevel>255</OpacityLevel>
			<LodDistance>16960</LodDistance>
			<IsVisible>true</IsVisible>
			<MaxHealth>1000</MaxHealth>
			<Health>1000</Health>
			<HasGravity>true</HasGravity>
			<IsOnFire>false</IsOnFire>
			<IsInvincible>false</IsInvincible>
			<IsBulletProof>false</IsBulletProof>
			<IsCollisionProof>false</IsCollisionProof>
			<IsExplosionProof>false</IsExplosionProof>
			<IsFireProof>false</IsFireProof>
			<IsMeleeProof>false</IsMeleeProof>
			<IsOnlyDamagedByPlayer>false</IsOnlyDamagedByPlayer>
			<PositionRotation>
				<X>1072.75842</X>
				<Y>3064.09619</Y>
				<Z>40.7689171</Z>
				<Pitch>-2.43285751</Pitch>
				<Roll>-0.00534826983</Roll>
				<Yaw>-65.9478455</Yaw>
			</PositionRotation>
			<Attachment isAttached="true">
				<AttachedTo>584962</AttachedTo>
				<BoneIndex>7</BoneIndex>
				<X>0</X>
				<Y>0.27000007</Y>
				<Z>0.230000079</Z>
				<Pitch>0</Pitch>
				<Roll>0</Roll>
				<Yaw>0</Yaw>
			</Attachment>
		</Attachment>
		<Attachment>
			<ModelHash>0x8538a366</ModelHash>
			<Type>3</Type>
			<Dynamic>false</Dynamic>
			<FrozenPos>true</FrozenPos>
			<HashName>prop_power_cell</HashName>
			<InitialHandle>255040</InitialHandle>
			<ObjectProperties>
				<TextureVariation>0</TextureVariation>
			</ObjectProperties>
			<OpacityLevel>255</OpacityLevel>
			<LodDistance>16960</LodDistance>
			<IsVisible>true</IsVisible>
			<MaxHealth>1000</MaxHealth>
			<Health>1000</Health>
			<HasGravity>true</HasGravity>
			<IsOnFire>false</IsOnFire>
			<IsInvincible>false</IsInvincible>
			<IsBulletProof>false</IsBulletProof>
			<IsCollisionProof>false</IsCollisionProof>
			<IsExplosionProof>false</IsExplosionProof>
			<IsFireProof>false</IsFireProof>
			<IsMeleeProof>false</IsMeleeProof>
			<IsOnlyDamagedByPlayer>false</IsOnlyDamagedByPlayer>
			<PositionRotation>
				<X>1072.46643</X>
				<Y>3063.96582</Y>
				<Z>40.7825012</Z>
				<Pitch>-2.43285751</Pitch>
				<Roll>-0.00534826983</Roll>
				<Yaw>-65.9478455</Yaw>
			</PositionRotation>
			<Attachment isAttached="true">
				<AttachedTo>584962</AttachedTo>
				<BoneIndex>7</BoneIndex>
				<X>0</X>
				<Y>-0.0500000268</Y>
				<Z>0.230000079</Z>
				<Pitch>0</Pitch>
				<Roll>0</Roll>
				<Yaw>0</Yaw>
			</Attachment>
		</Attachment>
		<Attachment>
			<ModelHash>0x8538a366</ModelHash>
			<Type>3</Type>
			<Dynamic>false</Dynamic>
			<FrozenPos>true</FrozenPos>
			<HashName>prop_power_cell</HashName>
			<InitialHandle>315712</InitialHandle>
			<ObjectProperties>
				<TextureVariation>0</TextureVariation>
			</ObjectProperties>
			<OpacityLevel>255</OpacityLevel>
			<LodDistance>16960</LodDistance>
			<IsVisible>true</IsVisible>
			<MaxHealth>1000</MaxHealth>
			<Health>1000</Health>
			<HasGravity>true</HasGravity>
			<IsOnFire>false</IsOnFire>
			<IsInvincible>false</IsInvincible>
			<IsBulletProof>false</IsBulletProof>
			<IsCollisionProof>false</IsCollisionProof>
			<IsExplosionProof>false</IsExplosionProof>
			<IsFireProof>false</IsFireProof>
			<IsMeleeProof>false</IsMeleeProof>
			<IsOnlyDamagedByPlayer>false</IsOnlyDamagedByPlayer>
			<PositionRotation>
				<X>1072.17456</X>
				<Y>3063.83545</Y>
				<Z>40.7960854</Z>
				<Pitch>-2.43285751</Pitch>
				<Roll>-0.00534826983</Roll>
				<Yaw>-65.9478455</Yaw>
			</PositionRotation>
			<Attachment isAttached="true">
				<AttachedTo>584962</AttachedTo>
				<BoneIndex>7</BoneIndex>
				<X>0</X>
				<Y>-0.370000005</Y>
				<Z>0.230000079</Z>
				<Pitch>0</Pitch>
				<Roll>0</Roll>
				<Yaw>0</Yaw>
			</Attachment>
		</Attachment>
		<Attachment>
			<ModelHash>0x8538a366</ModelHash>
			<Type>3</Type>
			<Dynamic>false</Dynamic>
			<FrozenPos>true</FrozenPos>
			<HashName>prop_power_cell</HashName>
			<InitialHandle>241984</InitialHandle>
			<ObjectProperties>
				<TextureVariation>0</TextureVariation>
			</ObjectProperties>
			<OpacityLevel>255</OpacityLevel>
			<LodDistance>16960</LodDistance>
			<IsVisible>true</IsVisible>
			<MaxHealth>1000</MaxHealth>
			<Health>1000</Health>
			<HasGravity>true</HasGravity>
			<IsOnFire>false</IsOnFire>
			<IsInvincible>false</IsInvincible>
			<IsBulletProof>false</IsBulletProof>
			<IsCollisionProof>false</IsCollisionProof>
			<IsExplosionProof>false</IsExplosionProof>
			<IsFireProof>false</IsFireProof>
			<IsMeleeProof>false</IsMeleeProof>
			<IsOnlyDamagedByPlayer>false</IsOnlyDamagedByPlayer>
			<PositionRotation>
				<X>1071.88257</X>
				<Y>3063.70532</Y>
				<Z>40.8096695</Z>
				<Pitch>-2.43285751</Pitch>
				<Roll>-0.00534826983</Roll>
				<Yaw>-65.9478455</Yaw>
			</PositionRotation>
			<Attachment isAttached="true">
				<AttachedTo>584962</AttachedTo>
				<BoneIndex>7</BoneIndex>
				<X>0</X>
				<Y>-0.6899997</Y>
				<Z>0.230000079</Z>
				<Pitch>0</Pitch>
				<Roll>0</Roll>
				<Yaw>0</Yaw>
			</Attachment>
		</Attachment>
	</SpoonerAttachments>
</Vehicle>
