<?xml version="1.0" encoding="ISO-8859-1"?>
<Vehicle menyoo_ver="0.9998751b">
	<ModelHash>0x58e316c7</ModelHash>
	<InitialHandle>5657</InitialHandle>
	<VehicleProperties>
		<Colours>
			<Primary>120</Primary>
			<Secondary>120</Secondary>
			<Pearl>0</Pearl>
			<Rim>156</Rim>
			<Mod1_a>6</Mod1_a>
			<Mod1_b>-1</Mod1_b>
			<Mod1_c>-1</Mod1_c>
			<Mod2_a>6</Mod2_a>
			<Mod2_b>-1</Mod2_b>
			<IsPrimaryColourCustom>false</IsPrimaryColourCustom>
			<IsSecondaryColourCustom>false</IsSecondaryColourCustom>
			<tyreSmoke_R>255</tyreSmoke_R>
			<tyreSmoke_G>150</tyreSmoke_G>
			<tyreSmoke_B>5</tyreSmoke_B>
			<LrInterior>111</LrInterior>
			<LrDashboard>111</LrDashboard>
		</Colours>
		<Livery>-1</Livery>
		<NumberPlateText> RIDER  </NumberPlateText>
		<NumberPlateIndex>5</NumberPlateIndex>
		<WheelType>0</WheelType>
		<WheelsInvisible>false</WheelsInvisible>
		<EngineSoundName>BTYPE2</EngineSoundName>
		<WindowTint>-1</WindowTint>
		<BulletProofTyres>true</BulletProofTyres>
		<DirtLevel>0.0596615896</DirtLevel>
		<PaintFade>0.298039228</PaintFade>
		<RoofState>0</RoofState>
		<SirenActive>false</SirenActive>
		<EngineOn>true</EngineOn>
		<EngineHealth>2000</EngineHealth>
		<LightsOn>true</LightsOn>
		<IsRadioLoud>0</IsRadioLoud>
		<LockStatus>1</LockStatus>
		<Neons>
			<Left>false</Left>
			<Right>false</Right>
			<Front>false</Front>
			<Back>false</Back>
			<R>255</R>
			<G>0</G>
			<B>255</B>
		</Neons>
		<ModExtras />
		<Mods>
			<_0>1,0</_0>
			<_1>0,0</_1>
			<_2>1,0</_2>
			<_3>0,0</_3>
			<_4>2,0</_4>
			<_5>2,0</_5>
			<_6>-1,0</_6>
			<_7>-1,0</_7>
			<_8>-1,0</_8>
			<_9>-1,0</_9>
			<_10>4,0</_10>
			<_11>3,0</_11>
			<_12>2,0</_12>
			<_13>2,0</_13>
			<_14>0,0</_14>
			<_15>-1,0</_15>
			<_16>4,0</_16>
			<_17>false</_17>
			<_18>true</_18>
			<_19>false</_19>
			<_20>true</_20>
			<_21>false</_21>
			<_22>false</_22>
			<_23>3,0</_23>
			<_24>-1,0</_24>
			<_25>-1,0</_25>
			<_26>-1,0</_26>
			<_27>-1,0</_27>
			<_28>-1,0</_28>
			<_29>-1,0</_29>
			<_30>-1,0</_30>
			<_31>-1,0</_31>
			<_32>-1,0</_32>
			<_33>-1,0</_33>
			<_34>-1,0</_34>
			<_35>-1,0</_35>
			<_36>-1,0</_36>
			<_37>-1,0</_37>
			<_38>-1,0</_38>
			<_39>-1,0</_39>
			<_40>-1,0</_40>
			<_41>-1,0</_41>
			<_42>-1,0</_42>
			<_43>-1,0</_43>
			<_44>-1,0</_44>
			<_45>-1,0</_45>
			<_46>-1,0</_46>
			<_47>-1,0</_47>
			<_48>-1,0</_48>
		</Mods>
		<DoorsOpen>
			<BackLeftDoor>false</BackLeftDoor>
			<BackRightDoor>false</BackRightDoor>
			<FrontLeftDoor>false</FrontLeftDoor>
			<FrontRightDoor>false</FrontRightDoor>
			<Hood>false</Hood>
			<Trunk>false</Trunk>
			<Trunk2>false</Trunk2>
		</DoorsOpen>
		<DoorsBroken>
			<BackLeftDoor>false</BackLeftDoor>
			<BackRightDoor>false</BackRightDoor>
			<FrontLeftDoor>false</FrontLeftDoor>
			<FrontRightDoor>false</FrontRightDoor>
			<Hood>false</Hood>
			<Trunk>false</Trunk>
			<Trunk2>false</Trunk2>
		</DoorsBroken>
		<TyresBursted>
			<FrontLeft>false</FrontLeft>
			<FrontRight>false</FrontRight>
			<_2>false</_2>
			<_3>false</_3>
			<BackLeft>false</BackLeft>
			<BackRight>false</BackRight>
			<_6>false</_6>
			<_7>false</_7>
			<_8>false</_8>
		</TyresBursted>
		<RpmMultiplier>1</RpmMultiplier>
		<TorqueMultiplier>1</TorqueMultiplier>
		<HeadlightIntensity>1</HeadlightIntensity>
	</VehicleProperties>
	<OpacityLevel>255</OpacityLevel>
	<LodDistance>16960</LodDistance>
	<IsVisible>true</IsVisible>
	<IsDriverVisible>true</IsDriverVisible>
	<MaxHealth>1000</MaxHealth>
	<Health>1000</Health>
	<HasGravity>true</HasGravity>
	<IsOnFire>false</IsOnFire>
	<IsInvincible>true</IsInvincible>
	<IsBulletProof>true</IsBulletProof>
	<IsExplosionProof>true</IsExplosionProof>
	<IsFireProof>false</IsFireProof>
	<IsMeleeProof>true</IsMeleeProof>
	<IsOnlyDamagedByPlayer>false</IsOnlyDamagedByPlayer>
	<SpoonerAttachments SetAttachmentsPersistentAndAddToSpoonerDatabase="true" StartTaskSequencesOnLoad="true">
		<Attachment>
			<ModelHash>0x203011a1</ModelHash>
			<Type>3</Type>
			<Dynamic>false</Dynamic>
			<FrozenPos>true</FrozenPos>
			<HashName>~italic~GhostRider~s~ Fire Candle</HashName>
			<InitialHandle>58645</InitialHandle>
			<ObjectProperties>
				<TextureVariation>255</TextureVariation>
			</ObjectProperties>
			<OpacityLevel>255</OpacityLevel>
			<LodDistance>16960</LodDistance>
			<IsVisible>true</IsVisible>
			<MaxHealth>1000</MaxHealth>
			<Health>1000</Health>
			<HasGravity>true</HasGravity>
			<IsOnFire>false</IsOnFire>
			<IsInvincible>true</IsInvincible>
			<IsBulletProof>false</IsBulletProof>
			<IsCollisionProof>false</IsCollisionProof>
			<IsExplosionProof>true</IsExplosionProof>
			<IsFireProof>false</IsFireProof>
			<IsMeleeProof>true</IsMeleeProof>
			<IsOnlyDamagedByPlayer>false</IsOnlyDamagedByPlayer>
			<PositionRotation>
				<X>-1243.5387</X>
				<Y>-2422.125</Y>
				<Z>13.2286663</Z>
				<Pitch>14.3591585</Pitch>
				<Roll>-72.3385391</Roll>
				<Yaw>-176.790497</Yaw>
			</PositionRotation>
			<Attachment isAttached="true">
				<AttachedTo>5657</AttachedTo>
				<BoneIndex>8</BoneIndex>
				<X>0</X>
				<Y>0</Y>
				<Z>0</Z>
				<Pitch>0</Pitch>
				<Roll>89.9999924</Roll>
				<Yaw>0</Yaw>
			</Attachment>
		</Attachment>
		<Attachment>
			<ModelHash>0x203011a1</ModelHash>
			<Type>3</Type>
			<Dynamic>false</Dynamic>
			<FrozenPos>true</FrozenPos>
			<HashName>~italic~GhostRider~s~ Fire Candle</HashName>
			<InitialHandle>94999</InitialHandle>
			<ObjectProperties>
				<TextureVariation>255</TextureVariation>
			</ObjectProperties>
			<OpacityLevel>255</OpacityLevel>
			<LodDistance>16960</LodDistance>
			<IsVisible>true</IsVisible>
			<MaxHealth>1000</MaxHealth>
			<Health>1000</Health>
			<HasGravity>true</HasGravity>
			<IsOnFire>false</IsOnFire>
			<IsInvincible>true</IsInvincible>
			<IsBulletProof>false</IsBulletProof>
			<IsCollisionProof>false</IsCollisionProof>
			<IsExplosionProof>true</IsExplosionProof>
			<IsFireProof>false</IsFireProof>
			<IsMeleeProof>true</IsMeleeProof>
			<IsOnlyDamagedByPlayer>false</IsOnlyDamagedByPlayer>
			<PositionRotation>
				<X>-1243.53162</X>
				<Y>-2422.25073</Y>
				<Z>13.2609062</Z>
				<Pitch>-42.4873085</Pitch>
				<Roll>-66.5113449</Roll>
				<Yaw>-155.917343</Yaw>
			</PositionRotation>
			<Attachment isAttached="true">
				<AttachedTo>5657</AttachedTo>
				<BoneIndex>8</BoneIndex>
				<X>0</X>
				<Y>0.12999998</Y>
				<Z>0</Z>
				<Pitch>59.9999924</Pitch>
				<Roll>89.9999924</Roll>
				<Yaw>0</Yaw>
			</Attachment>
		</Attachment>
		<Attachment>
			<ModelHash>0x203011a1</ModelHash>
			<Type>3</Type>
			<Dynamic>false</Dynamic>
			<FrozenPos>true</FrozenPos>
			<HashName>~italic~GhostRider~s~ Fire Candle</HashName>
			<InitialHandle>14614</InitialHandle>
			<ObjectProperties>
				<TextureVariation>255</TextureVariation>
			</ObjectProperties>
			<OpacityLevel>255</OpacityLevel>
			<LodDistance>16960</LodDistance>
			<IsVisible>true</IsVisible>
			<MaxHealth>1000</MaxHealth>
			<Health>1000</Health>
			<HasGravity>true</HasGravity>
			<IsOnFire>false</IsOnFire>
			<IsInvincible>true</IsInvincible>
			<IsBulletProof>false</IsBulletProof>
			<IsCollisionProof>false</IsCollisionProof>
			<IsExplosionProof>true</IsExplosionProof>
			<IsFireProof>false</IsFireProof>
			<IsMeleeProof>true</IsMeleeProof>
			<IsOnlyDamagedByPlayer>false</IsOnlyDamagedByPlayer>
			<PositionRotation>
				<X>-1243.57202</X>
				<Y>-2422.04175</Y>
				<Z>13.1975288</Z>
				<Pitch>14.3591471</Pitch>
				<Roll>107.661476</Roll>
				<Yaw>-176.790497</Yaw>
			</PositionRotation>
			<Attachment isAttached="true">
				<AttachedTo>5657</AttachedTo>
				<BoneIndex>8</BoneIndex>
				<X>-0.0299999993</X>
				<Y>-0.0899999887</Y>
				<Z>0</Z>
				<Pitch>1.33514404e-05</Pitch>
				<Roll>-89.9999924</Roll>
				<Yaw>0</Yaw>
			</Attachment>
		</Attachment>
		<Attachment>
			<ModelHash>0x203011a1</ModelHash>
			<Type>3</Type>
			<Dynamic>false</Dynamic>
			<FrozenPos>true</FrozenPos>
			<HashName>~italic~GhostRider~s~ Fire Candle</HashName>
			<InitialHandle>75795</InitialHandle>
			<ObjectProperties>
				<TextureVariation>255</TextureVariation>
			</ObjectProperties>
			<OpacityLevel>255</OpacityLevel>
			<LodDistance>16960</LodDistance>
			<IsVisible>true</IsVisible>
			<MaxHealth>1000</MaxHealth>
			<Health>1000</Health>
			<HasGravity>true</HasGravity>
			<IsOnFire>false</IsOnFire>
			<IsInvincible>true</IsInvincible>
			<IsBulletProof>false</IsBulletProof>
			<IsCollisionProof>false</IsCollisionProof>
			<IsExplosionProof>true</IsExplosionProof>
			<IsFireProof>false</IsFireProof>
			<IsMeleeProof>true</IsMeleeProof>
			<IsOnlyDamagedByPlayer>false</IsOnlyDamagedByPlayer>
			<PositionRotation>
				<X>-1243.52917</X>
				<Y>-2422.12378</Y>
				<Z>13.2316055</Z>
				<Pitch>14.3591585</Pitch>
				<Roll>107.661476</Roll>
				<Yaw>-176.790497</Yaw>
			</PositionRotation>
			<Attachment isAttached="true">
				<AttachedTo>5657</AttachedTo>
				<BoneIndex>8</BoneIndex>
				<X>0.00999999978</X>
				<Y>0</Y>
				<Z>0</Z>
				<Pitch>0</Pitch>
				<Roll>-90</Roll>
				<Yaw>0</Yaw>
			</Attachment>
		</Attachment>
		<Attachment>
			<ModelHash>0x203011a1</ModelHash>
			<Type>3</Type>
			<Dynamic>false</Dynamic>
			<FrozenPos>true</FrozenPos>
			<HashName>~italic~GhostRider~s~ Fire Candle</HashName>
			<InitialHandle>1823</InitialHandle>
			<ObjectProperties>
				<TextureVariation>255</TextureVariation>
			</ObjectProperties>
			<OpacityLevel>255</OpacityLevel>
			<LodDistance>16960</LodDistance>
			<IsVisible>true</IsVisible>
			<MaxHealth>1000</MaxHealth>
			<Health>1000</Health>
			<HasGravity>true</HasGravity>
			<IsOnFire>false</IsOnFire>
			<IsInvincible>true</IsInvincible>
			<IsBulletProof>false</IsBulletProof>
			<IsCollisionProof>false</IsCollisionProof>
			<IsExplosionProof>true</IsExplosionProof>
			<IsFireProof>false</IsFireProof>
			<IsMeleeProof>true</IsMeleeProof>
			<IsOnlyDamagedByPlayer>false</IsOnlyDamagedByPlayer>
			<PositionRotation>
				<X>-1243.50342</X>
				<Y>-2422.15869</Y>
				<Z>13.1296053</Z>
				<Pitch>14.3591585</Pitch>
				<Roll>107.661476</Roll>
				<Yaw>-176.790497</Yaw>
			</PositionRotation>
			<Attachment isAttached="true">
				<AttachedTo>5657</AttachedTo>
				<BoneIndex>8</BoneIndex>
				<X>1.49011612e-08</X>
				<Y>0.00999999978</Y>
				<Z>0.109999985</Z>
				<Pitch>0</Pitch>
				<Roll>-89.9999924</Roll>
				<Yaw>0</Yaw>
			</Attachment>
		</Attachment>
		<Attachment>
			<ModelHash>0x203011a1</ModelHash>
			<Type>3</Type>
			<Dynamic>false</Dynamic>
			<FrozenPos>true</FrozenPos>
			<HashName>~italic~GhostRider~s~ Fire Candle</HashName>
			<InitialHandle>47388</InitialHandle>
			<ObjectProperties>
				<TextureVariation>255</TextureVariation>
			</ObjectProperties>
			<OpacityLevel>255</OpacityLevel>
			<LodDistance>16960</LodDistance>
			<IsVisible>true</IsVisible>
			<MaxHealth>1000</MaxHealth>
			<Health>1000</Health>
			<HasGravity>true</HasGravity>
			<IsOnFire>false</IsOnFire>
			<IsInvincible>true</IsInvincible>
			<IsBulletProof>false</IsBulletProof>
			<IsCollisionProof>false</IsCollisionProof>
			<IsExplosionProof>true</IsExplosionProof>
			<IsFireProof>false</IsFireProof>
			<IsMeleeProof>true</IsMeleeProof>
			<IsOnlyDamagedByPlayer>false</IsOnlyDamagedByPlayer>
			<PositionRotation>
				<X>-1243.57349</X>
				<Y>-2422.10083</Y>
				<Z>13.3302069</Z>
				<Pitch>14.3591585</Pitch>
				<Roll>107.661476</Roll>
				<Yaw>-176.790497</Yaw>
			</PositionRotation>
			<Attachment isAttached="true">
				<AttachedTo>5657</AttachedTo>
				<BoneIndex>8</BoneIndex>
				<X>0</X>
				<Y>0</Y>
				<Z>-0.109999985</Z>
				<Pitch>0</Pitch>
				<Roll>-89.9999924</Roll>
				<Yaw>0</Yaw>
			</Attachment>
		</Attachment>
		<Attachment>
			<ModelHash>0x203011a1</ModelHash>
			<Type>3</Type>
			<Dynamic>false</Dynamic>
			<FrozenPos>true</FrozenPos>
			<HashName>~italic~GhostRider~s~ Fire Candle</HashName>
			<InitialHandle>89629</InitialHandle>
			<ObjectProperties>
				<TextureVariation>255</TextureVariation>
			</ObjectProperties>
			<OpacityLevel>255</OpacityLevel>
			<LodDistance>16960</LodDistance>
			<IsVisible>true</IsVisible>
			<MaxHealth>1000</MaxHealth>
			<Health>1000</Health>
			<HasGravity>true</HasGravity>
			<IsOnFire>false</IsOnFire>
			<IsInvincible>true</IsInvincible>
			<IsBulletProof>false</IsBulletProof>
			<IsCollisionProof>false</IsCollisionProof>
			<IsExplosionProof>true</IsExplosionProof>
			<IsFireProof>false</IsFireProof>
			<IsMeleeProof>true</IsMeleeProof>
			<IsOnlyDamagedByPlayer>false</IsOnlyDamagedByPlayer>
			<PositionRotation>
				<X>-1243.76733</X>
				<Y>-2423.95874</Y>
				<Z>13.3242121</Z>
				<Pitch>83.2747955</Pitch>
				<Roll>-123.428383</Roll>
				<Yaw>26.1063194</Yaw>
			</PositionRotation>
			<Attachment isAttached="true">
				<AttachedTo>5657</AttachedTo>
				<BoneIndex>20</BoneIndex>
				<X>0</X>
				<Y>0</Y>
				<Z>0.129999965</Z>
				<Pitch>29.9999962</Pitch>
				<Roll>-89.9999924</Roll>
				<Yaw>0</Yaw>
			</Attachment>
		</Attachment>
		<Attachment>
			<ModelHash>0x203011a1</ModelHash>
			<Type>3</Type>
			<Dynamic>false</Dynamic>
			<FrozenPos>true</FrozenPos>
			<HashName>~italic~GhostRider~s~ Fire Candle</HashName>
			<InitialHandle>67096</InitialHandle>
			<ObjectProperties>
				<TextureVariation>255</TextureVariation>
			</ObjectProperties>
			<OpacityLevel>255</OpacityLevel>
			<LodDistance>16960</LodDistance>
			<IsVisible>true</IsVisible>
			<MaxHealth>1000</MaxHealth>
			<Health>1000</Health>
			<HasGravity>true</HasGravity>
			<IsOnFire>false</IsOnFire>
			<IsInvincible>true</IsInvincible>
			<IsBulletProof>false</IsBulletProof>
			<IsCollisionProof>false</IsCollisionProof>
			<IsExplosionProof>true</IsExplosionProof>
			<IsFireProof>false</IsFireProof>
			<IsMeleeProof>true</IsMeleeProof>
			<IsOnlyDamagedByPlayer>false</IsOnlyDamagedByPlayer>
			<PositionRotation>
				<X>-1243.73413</X>
				<Y>-2423.76636</Y>
				<Z>13.1847239</Z>
				<Pitch>34.2978516</Pitch>
				<Roll>-94.4789505</Roll>
				<Yaw>-4.61305904</Yaw>
			</PositionRotation>
			<Attachment isAttached="true">
				<AttachedTo>5657</AttachedTo>
				<BoneIndex>20</BoneIndex>
				<X>0</X>
				<Y>0</Y>
				<Z>-0.109999985</Z>
				<Pitch>-19.9999962</Pitch>
				<Roll>-89.9999924</Roll>
				<Yaw>0</Yaw>
			</Attachment>
		</Attachment>
		<Attachment>
			<ModelHash>0x203011a1</ModelHash>
			<Type>3</Type>
			<Dynamic>false</Dynamic>
			<FrozenPos>true</FrozenPos>
			<HashName>~italic~GhostRider~s~ Fire Candle</HashName>
			<InitialHandle>52755</InitialHandle>
			<ObjectProperties>
				<TextureVariation>255</TextureVariation>
			</ObjectProperties>
			<OpacityLevel>255</OpacityLevel>
			<LodDistance>16960</LodDistance>
			<IsVisible>true</IsVisible>
			<MaxHealth>1000</MaxHealth>
			<Health>1000</Health>
			<HasGravity>true</HasGravity>
			<IsOnFire>false</IsOnFire>
			<IsInvincible>true</IsInvincible>
			<IsBulletProof>false</IsBulletProof>
			<IsCollisionProof>false</IsCollisionProof>
			<IsExplosionProof>true</IsExplosionProof>
			<IsFireProof>false</IsFireProof>
			<IsMeleeProof>true</IsMeleeProof>
			<IsOnlyDamagedByPlayer>false</IsOnlyDamagedByPlayer>
			<PositionRotation>
				<X>-1243.74756</X>
				<Y>-2423.802</Y>
				<Z>13.3216639</Z>
				<Pitch>65.3584824</Pitch>
				<Roll>98.9013062</Roll>
				<Yaw>164.757553</Yaw>
			</PositionRotation>
			<Attachment isAttached="true">
				<AttachedTo>5657</AttachedTo>
				<BoneIndex>20</BoneIndex>
				<X>0</X>
				<Y>0.0899999887</Y>
				<Z>0</Z>
				<Pitch>59.9999962</Pitch>
				<Roll>-89.9999924</Roll>
				<Yaw>0</Yaw>
			</Attachment>
		</Attachment>
		<Attachment>
			<ModelHash>0x203011a1</ModelHash>
			<Type>3</Type>
			<Dynamic>false</Dynamic>
			<FrozenPos>true</FrozenPos>
			<HashName>~italic~GhostRider~s~ Fire Candle</HashName>
			<InitialHandle>100890</InitialHandle>
			<ObjectProperties>
				<TextureVariation>255</TextureVariation>
			</ObjectProperties>
			<OpacityLevel>255</OpacityLevel>
			<LodDistance>16960</LodDistance>
			<IsVisible>true</IsVisible>
			<MaxHealth>1000</MaxHealth>
			<Health>1000</Health>
			<HasGravity>true</HasGravity>
			<IsOnFire>false</IsOnFire>
			<IsInvincible>true</IsInvincible>
			<IsBulletProof>false</IsBulletProof>
			<IsCollisionProof>false</IsCollisionProof>
			<IsExplosionProof>true</IsExplosionProof>
			<IsFireProof>false</IsFireProof>
			<IsMeleeProof>true</IsMeleeProof>
			<IsOnlyDamagedByPlayer>false</IsOnlyDamagedByPlayer>
			<PositionRotation>
				<X>-1243.75146</X>
				<Y>-2423.91284</Y>
				<Z>13.1675367</Z>
				<Pitch>54.2132111</Pitch>
				<Roll>83.6659775</Roll>
				<Yaw>-1.99516499</Yaw>
			</PositionRotation>
			<Attachment isAttached="true">
				<AttachedTo>5657</AttachedTo>
				<BoneIndex>20</BoneIndex>
				<X>0</X>
				<Y>-0.0999999866</Y>
				<Z>0</Z>
				<Pitch>0</Pitch>
				<Roll>89.9999924</Roll>
				<Yaw>0</Yaw>
			</Attachment>
		</Attachment>
		<Attachment>
			<ModelHash>0x203011a1</ModelHash>
			<Type>3</Type>
			<Dynamic>false</Dynamic>
			<FrozenPos>true</FrozenPos>
			<HashName>~italic~GhostRider~s~ Fire Candle</HashName>
			<InitialHandle>75032</InitialHandle>
			<ObjectProperties>
				<TextureVariation>255</TextureVariation>
			</ObjectProperties>
			<OpacityLevel>255</OpacityLevel>
			<LodDistance>16960</LodDistance>
			<IsVisible>true</IsVisible>
			<MaxHealth>1000</MaxHealth>
			<Health>1000</Health>
			<HasGravity>true</HasGravity>
			<IsOnFire>false</IsOnFire>
			<IsInvincible>true</IsInvincible>
			<IsBulletProof>false</IsBulletProof>
			<IsCollisionProof>false</IsCollisionProof>
			<IsExplosionProof>true</IsExplosionProof>
			<IsFireProof>false</IsFireProof>
			<IsMeleeProof>true</IsMeleeProof>
			<IsOnlyDamagedByPlayer>false</IsOnlyDamagedByPlayer>
			<PositionRotation>
				<X>-1243.74939</X>
				<Y>-2423.85449</Y>
				<Z>13.2486563</Z>
				<Pitch>54.2132111</Pitch>
				<Roll>-96.3339767</Roll>
				<Yaw>-1.99516499</Yaw>
			</PositionRotation>
			<Attachment isAttached="true">
				<AttachedTo>5657</AttachedTo>
				<BoneIndex>20</BoneIndex>
				<X>0</X>
				<Y>0</Y>
				<Z>0</Z>
				<Pitch>0</Pitch>
				<Roll>-89.9999924</Roll>
				<Yaw>0</Yaw>
			</Attachment>
		</Attachment>
		<Attachment>
			<ModelHash>0x203011a1</ModelHash>
			<Type>3</Type>
			<Dynamic>false</Dynamic>
			<FrozenPos>true</FrozenPos>
			<HashName>~italic~GhostRider~s~ Fire Candle</HashName>
			<InitialHandle>156184</InitialHandle>
			<ObjectProperties>
				<TextureVariation>255</TextureVariation>
			</ObjectProperties>
			<OpacityLevel>255</OpacityLevel>
			<LodDistance>16960</LodDistance>
			<IsVisible>true</IsVisible>
			<MaxHealth>1000</MaxHealth>
			<Health>1000</Health>
			<HasGravity>true</HasGravity>
			<IsOnFire>false</IsOnFire>
			<IsInvincible>true</IsInvincible>
			<IsBulletProof>false</IsBulletProof>
			<IsCollisionProof>false</IsCollisionProof>
			<IsExplosionProof>true</IsExplosionProof>
			<IsFireProof>false</IsFireProof>
			<IsMeleeProof>true</IsMeleeProof>
			<IsOnlyDamagedByPlayer>false</IsOnlyDamagedByPlayer>
			<PositionRotation>
				<X>-1243.74939</X>
				<Y>-2423.85449</Y>
				<Z>13.2486563</Z>
				<Pitch>54.2132111</Pitch>
				<Roll>83.6659775</Roll>
				<Yaw>-1.99516499</Yaw>
			</PositionRotation>
			<Attachment isAttached="true">
				<AttachedTo>5657</AttachedTo>
				<BoneIndex>20</BoneIndex>
				<X>0</X>
				<Y>0</Y>
				<Z>0</Z>
				<Pitch>0</Pitch>
				<Roll>89.9999924</Roll>
				<Yaw>0</Yaw>
			</Attachment>
		</Attachment>
		<Attachment>
			<ModelHash>0xb34e141d</ModelHash>
			<Type>3</Type>
			<Dynamic>false</Dynamic>
			<FrozenPos>true</FrozenPos>
			<HashName>~italic~GhostRider~s~ Wheel Hub</HashName>
			<InitialHandle>158743</InitialHandle>
			<ObjectProperties>
				<TextureVariation>255</TextureVariation>
			</ObjectProperties>
			<OpacityLevel>255</OpacityLevel>
			<LodDistance>16960</LodDistance>
			<IsVisible>true</IsVisible>
			<MaxHealth>1000</MaxHealth>
			<Health>1000</Health>
			<HasGravity>true</HasGravity>
			<IsOnFire>false</IsOnFire>
			<IsInvincible>true</IsInvincible>
			<IsBulletProof>false</IsBulletProof>
			<IsCollisionProof>true</IsCollisionProof>
			<IsExplosionProof>true</IsExplosionProof>
			<IsFireProof>false</IsFireProof>
			<IsMeleeProof>true</IsMeleeProof>
			<IsOnlyDamagedByPlayer>false</IsOnlyDamagedByPlayer>
			<PositionRotation>
				<X>-1243.68005</X>
				<Y>-2423.86328</Y>
				<Z>13.2531719</Z>
				<Pitch>-3.69895315</Pitch>
				<Roll>-54.3794785</Roll>
				<Yaw>82.8595352</Yaw>
			</PositionRotation>
			<Attachment isAttached="true">
				<AttachedTo>5657</AttachedTo>
				<BoneIndex>20</BoneIndex>
				<X>0.0699999928</X>
				<Y>0</Y>
				<Z>0</Z>
				<Pitch>0</Pitch>
				<Roll>0</Roll>
				<Yaw>89.9999924</Yaw>
			</Attachment>
		</Attachment>
		<Attachment>
			<ModelHash>0xb34e141d</ModelHash>
			<Type>3</Type>
			<Dynamic>false</Dynamic>
			<FrozenPos>true</FrozenPos>
			<HashName>~italic~GhostRider~s~ Wheel Hub</HashName>
			<InitialHandle>104215</InitialHandle>
			<ObjectProperties>
				<TextureVariation>255</TextureVariation>
			</ObjectProperties>
			<OpacityLevel>255</OpacityLevel>
			<LodDistance>16960</LodDistance>
			<IsVisible>true</IsVisible>
			<MaxHealth>1000</MaxHealth>
			<Health>1000</Health>
			<HasGravity>true</HasGravity>
			<IsOnFire>false</IsOnFire>
			<IsInvincible>true</IsInvincible>
			<IsBulletProof>false</IsBulletProof>
			<IsCollisionProof>true</IsCollisionProof>
			<IsExplosionProof>true</IsExplosionProof>
			<IsFireProof>false</IsFireProof>
			<IsMeleeProof>true</IsMeleeProof>
			<IsOnlyDamagedByPlayer>false</IsOnlyDamagedByPlayer>
			<PositionRotation>
				<X>-1243.46289</X>
				<Y>-2422.11475</Y>
				<Z>13.2521791</Z>
				<Pitch>-17.092453</Pitch>
				<Roll>-164.962006</Roll>
				<Yaw>97.7243652</Yaw>
			</PositionRotation>
			<Attachment isAttached="true">
				<AttachedTo>5657</AttachedTo>
				<BoneIndex>8</BoneIndex>
				<X>0.0799999908</X>
				<Y>0</Y>
				<Z>0</Z>
				<Pitch>0</Pitch>
				<Roll>0</Roll>
				<Yaw>89.9999924</Yaw>
			</Attachment>
		</Attachment>
		<Attachment>
			<ModelHash>0xb34e141d</ModelHash>
			<Type>3</Type>
			<Dynamic>false</Dynamic>
			<FrozenPos>true</FrozenPos>
			<HashName>~italic~GhostRider~s~ Wheel Hub</HashName>
			<InitialHandle>135703</InitialHandle>
			<ObjectProperties>
				<TextureVariation>255</TextureVariation>
			</ObjectProperties>
			<OpacityLevel>255</OpacityLevel>
			<LodDistance>16960</LodDistance>
			<IsVisible>true</IsVisible>
			<MaxHealth>1000</MaxHealth>
			<Health>1000</Health>
			<HasGravity>true</HasGravity>
			<IsOnFire>false</IsOnFire>
			<IsInvincible>true</IsInvincible>
			<IsBulletProof>false</IsBulletProof>
			<IsCollisionProof>true</IsCollisionProof>
			<IsExplosionProof>true</IsExplosionProof>
			<IsFireProof>false</IsFireProof>
			<IsMeleeProof>true</IsMeleeProof>
			<IsOnlyDamagedByPlayer>false</IsOnlyDamagedByPlayer>
			<PositionRotation>
				<X>-1243.58606</X>
				<Y>-2422.13135</Y>
				<Z>13.2139702</Z>
				<Pitch>17.092453</Pitch>
				<Roll>174.962006</Roll>
				<Yaw>-82.2756195</Yaw>
			</PositionRotation>
			<Attachment isAttached="true">
				<AttachedTo>5657</AttachedTo>
				<BoneIndex>8</BoneIndex>
				<X>-0.0500000268</X>
				<Y>0</Y>
				<Z>0</Z>
				<Pitch>0</Pitch>
				<Roll>9.99999905</Roll>
				<Yaw>-90.0000153</Yaw>
			</Attachment>
		</Attachment>
		<Attachment>
			<ModelHash>0x573201b8</ModelHash>
			<Type>1</Type>
			<Dynamic>true</Dynamic>
			<FrozenPos>false</FrozenPos>
			<HashName>~italic~GhostRider~s~ Fire Cat</HashName>
			<InitialHandle>28700</InitialHandle>
			<PedProperties>
				<IsStill>true</IsStill>
				<CanRagdoll>false</CanRagdoll>
				<HasShortHeight>true</HasShortHeight>
				<CurrentWeapon>0x00000000</CurrentWeapon>
				<PedProps>
					<_0>-1,-1</_0>
					<_1>-1,-1</_1>
					<_2>-1,-1</_2>
					<_3>-1,-1</_3>
					<_4>-1,-1</_4>
					<_5>-1,-1</_5>
					<_6>-1,-1</_6>
					<_7>-1,-1</_7>
					<_8>-1,-1</_8>
					<_9>-1,-1</_9>
				</PedProps>
				<PedComps>
					<_0>0,2</_0>
					<_1>0,0</_1>
					<_2>0,0</_2>
					<_3>0,0</_3>
					<_4>0,0</_4>
					<_5>0,0</_5>
					<_6>0,0</_6>
					<_7>0,0</_7>
					<_8>0,0</_8>
					<_9>0,0</_9>
					<_10>0,0</_10>
					<_11>0,0</_11>
				</PedComps>
				<RelationshipGroupAltered>false</RelationshipGroupAltered>
				<RelationshipGroup>0xfade4843</RelationshipGroup>
				<ScenarioActive>false</ScenarioActive>
				<AnimActive>false</AnimActive>
			</PedProperties>
			<OpacityLevel>0</OpacityLevel>
			<LodDistance>16960</LodDistance>
			<IsVisible>false</IsVisible>
			<MaxHealth>200</MaxHealth>
			<Health>0</Health>
			<HasGravity>true</HasGravity>
			<IsOnFire>true</IsOnFire>
			<IsInvincible>false</IsInvincible>
			<IsBulletProof>false</IsBulletProof>
			<IsCollisionProof>true</IsCollisionProof>
			<IsExplosionProof>false</IsExplosionProof>
			<IsFireProof>false</IsFireProof>
			<IsMeleeProof>false</IsMeleeProof>
			<IsOnlyDamagedByPlayer>false</IsOnlyDamagedByPlayer>
			<PositionRotation>
				<X>-1243.84375</X>
				<Y>-2423.8457</Y>
				<Z>13.4743261</Z>
				<Pitch>-1.3735528</Pitch>
				<Roll>-3.70002818</Roll>
				<Yaw>-7.22926903</Yaw>
			</PositionRotation>
			<Attachment isAttached="true">
				<AttachedTo>5657</AttachedTo>
				<BoneIndex>0</BoneIndex>
				<X>-0.0799999759</X>
				<Y>-0.759999573</Y>
				<Z>0.0499999821</Z>
				<Pitch>0</Pitch>
				<Roll>0</Roll>
				<Yaw>0</Yaw>
			</Attachment>
		</Attachment>
		<Attachment>
			<ModelHash>0x573201b8</ModelHash>
			<Type>1</Type>
			<Dynamic>true</Dynamic>
			<FrozenPos>false</FrozenPos>
			<HashName>~italic~GhostRider~s~ Fire Cat</HashName>
			<InitialHandle>21528</InitialHandle>
			<PedProperties>
				<IsStill>true</IsStill>
				<CanRagdoll>false</CanRagdoll>
				<HasShortHeight>true</HasShortHeight>
				<CurrentWeapon>0x00000000</CurrentWeapon>
				<PedProps>
					<_0>-1,-1</_0>
					<_1>-1,-1</_1>
					<_2>-1,-1</_2>
					<_3>-1,-1</_3>
					<_4>-1,-1</_4>
					<_5>-1,-1</_5>
					<_6>-1,-1</_6>
					<_7>-1,-1</_7>
					<_8>-1,-1</_8>
					<_9>-1,-1</_9>
				</PedProps>
				<PedComps>
					<_0>0,2</_0>
					<_1>0,0</_1>
					<_2>0,0</_2>
					<_3>0,0</_3>
					<_4>0,0</_4>
					<_5>0,0</_5>
					<_6>0,0</_6>
					<_7>0,0</_7>
					<_8>0,0</_8>
					<_9>0,0</_9>
					<_10>0,0</_10>
					<_11>0,0</_11>
				</PedComps>
				<RelationshipGroupAltered>false</RelationshipGroupAltered>
				<RelationshipGroup>0xfade4843</RelationshipGroup>
				<ScenarioActive>false</ScenarioActive>
				<AnimActive>false</AnimActive>
			</PedProperties>
			<OpacityLevel>0</OpacityLevel>
			<LodDistance>16960</LodDistance>
			<IsVisible>false</IsVisible>
			<MaxHealth>200</MaxHealth>
			<Health>0</Health>
			<HasGravity>true</HasGravity>
			<IsOnFire>true</IsOnFire>
			<IsInvincible>false</IsInvincible>
			<IsBulletProof>false</IsBulletProof>
			<IsCollisionProof>true</IsCollisionProof>
			<IsExplosionProof>false</IsExplosionProof>
			<IsFireProof>false</IsFireProof>
			<IsMeleeProof>false</IsMeleeProof>
			<IsOnlyDamagedByPlayer>false</IsOnlyDamagedByPlayer>
			<PositionRotation>
				<X>-1243.61841</X>
				<Y>-2422.25293</Y>
				<Z>13.3883085</Z>
				<Pitch>-1.73089945</Pitch>
				<Roll>-3.70065403</Roll>
				<Yaw>-7.25238752</Yaw>
			</PositionRotation>
			<Attachment isAttached="true">
				<AttachedTo>5657</AttachedTo>
				<BoneIndex>-1</BoneIndex>
				<X>-0.0599999949</X>
				<Y>0.849999487</Y>
				<Z>0</Z>
				<Pitch>0</Pitch>
				<Roll>0</Roll>
				<Yaw>0</Yaw>
			</Attachment>
		</Attachment>
		<Attachment>
			<ModelHash>0xb34e141d</ModelHash>
			<Type>3</Type>
			<Dynamic>false</Dynamic>
			<FrozenPos>true</FrozenPos>
			<HashName>~italic~GhostRider~s~ Wheel Hub</HashName>
			<InitialHandle>30237</InitialHandle>
			<ObjectProperties>
				<TextureVariation>255</TextureVariation>
			</ObjectProperties>
			<OpacityLevel>255</OpacityLevel>
			<LodDistance>16960</LodDistance>
			<IsVisible>true</IsVisible>
			<MaxHealth>1000</MaxHealth>
			<Health>1000</Health>
			<HasGravity>true</HasGravity>
			<IsOnFire>false</IsOnFire>
			<IsInvincible>true</IsInvincible>
			<IsBulletProof>false</IsBulletProof>
			<IsCollisionProof>true</IsCollisionProof>
			<IsExplosionProof>true</IsExplosionProof>
			<IsFireProof>false</IsFireProof>
			<IsMeleeProof>true</IsMeleeProof>
			<IsOnlyDamagedByPlayer>false</IsOnlyDamagedByPlayer>
			<PositionRotation>
				<X>-1243.81982</X>
				<Y>-2423.84375</Y>
				<Z>13.2652302</Z>
				<Pitch>2.0525229</Pitch>
				<Roll>12.3061638</Roll>
				<Yaw>84.4545593</Yaw>
			</PositionRotation>
			<Attachment isAttached="true">
				<AttachedTo>5657</AttachedTo>
				<BoneIndex>0</BoneIndex>
				<X>-0.0700001866</X>
				<Y>-0.749999642</Y>
				<Z>-0.159999982</Z>
				<Pitch>5.7099061</Pitch>
				<Roll>10.8200073</Roll>
				<Yaw>91.7401199</Yaw>
			</Attachment>
		</Attachment>
	</SpoonerAttachments>
</Vehicle>
