<?xml 版本="1.0" encoding="ISO-8859-1"?>
<SpoonerPlacements>
	<Note />
	<AudioFile volume="400" />
	<ClearDatabase>false</ClearDatabase>
	<ClearWorld>0</ClearWorld>
	<ClearMarkers>false</ClearMarkers>
	<IPLsToLoad load_mp_maps="false" load_sp_maps="false" />
	<IPLsToRemove />
	<InteriorsToEnable />
	<InteriorsToCap />
	<WeatherToSet></WeatherToSet>
	<TimecycleModifier strength="1"></TimecycleModifier>
	<StartTaskSequencesOnLoad>true</StartTaskSequencesOnLoad>
	<ReferenceCoords>
		<X>-75.229538</X>
		<Y>-819.198486</Y>
		<Z>328.873932</Z>
	</ReferenceCoords>
	<Placement>
		<ModelHash>0x5ca4a9a0</ModelHash>
		<Type>3</Type>
		<Dynamic>false</Dynamic>
		<FrozenPos>true</FrozenPos>
		<HashName>0x5ca4a9a0</HashName>
		<InitialHandle>277054</InitialHandle>
		<ObjectProperties>
			<TextureVariation>0</TextureVariation>
		</ObjectProperties>
		<OpacityLevel>255</OpacityLevel>
		<LodDistance>16960</LodDistance>
		<IsVisible>true</IsVisible>
		<MaxHealth>1000</MaxHealth>
		<Health>1000</Health>
		<HasGravity>true</HasGravity>
		<IsOnFire>false</IsOnFire>
		<IsInvincible>false</IsInvincible>
		<IsBulletProof>false</IsBulletProof>
		<IsCollisionProof>false</IsCollisionProof>
		<IsExplosionProof>false</IsExplosionProof>
		<IsFireProof>false</IsFireProof>
		<IsMeleeProof>false</IsMeleeProof>
		<IsOnlyDamagedByPlayer>false</IsOnlyDamagedByPlayer>
		<PositionRotation>
			<X>201.789978</X>
			<Y>-984.897461</Y>
			<Z>977.449585</Z>
			<Pitch>6.40323663e-07</Pitch>
			<Roll>179.999817</Roll>
			<Yaw>-67.1214828</Yaw>
		</PositionRotation>
		<Attachment isAttached="false" />
	</Placement>
	<Placement>
		<ModelHash>0x5ca4a9a0</ModelHash>
		<Type>3</Type>
		<Dynamic>false</Dynamic>
		<FrozenPos>true</FrozenPos>
		<HashName>0x5ca4a9a0</HashName>
		<InitialHandle>373839</InitialHandle>
		<ObjectProperties>
			<TextureVariation>0</TextureVariation>
		</ObjectProperties>
		<OpacityLevel>255</OpacityLevel>
		<LodDistance>16960</LodDistance>
		<IsVisible>true</IsVisible>
		<MaxHealth>1000</MaxHealth>
		<Health>1000</Health>
		<HasGravity>true</HasGravity>
		<IsOnFire>false</IsOnFire>
		<IsInvincible>false</IsInvincible>
		<IsBulletProof>false</IsBulletProof>
		<IsCollisionProof>false</IsCollisionProof>
		<IsExplosionProof>false</IsExplosionProof>
		<IsFireProof>false</IsFireProof>
		<IsMeleeProof>false</IsMeleeProof>
		<IsOnlyDamagedByPlayer>false</IsOnlyDamagedByPlayer>
		<PositionRotation>
			<X>-28.210083</X>
			<Y>-374.897461</Y>
			<Z>977.449585</Z>
			<Pitch>8.53786617e-07</Pitch>
			<Roll>179.999756</Roll>
			<Yaw>42.8785095</Yaw>
		</PositionRotation>
		<Attachment isAttached="false" />
	</Placement>
	<Placement>
		<ModelHash>0x5ca4a9a0</ModelHash>
		<Type>3</Type>
		<Dynamic>false</Dynamic>
		<FrozenPos>true</FrozenPos>
		<HashName>0x5ca4a9a0</HashName>
		<InitialHandle>291416</InitialHandle>
		<ObjectProperties>
			<TextureVariation>0</TextureVariation>
		</ObjectProperties>
		<OpacityLevel>255</OpacityLevel>
		<LodDistance>16960</LodDistance>
		<IsVisible>true</IsVisible>
		<MaxHealth>1000</MaxHealth>
		<Health>1000</Health>
		<HasGravity>true</HasGravity>
		<IsOnFire>false</IsOnFire>
		<IsInvincible>false</IsInvincible>
		<IsBulletProof>false</IsBulletProof>
		<IsCollisionProof>false</IsCollisionProof>
		<IsExplosionProof>false</IsExplosionProof>
		<IsFireProof>false</IsFireProof>
		<IsMeleeProof>false</IsMeleeProof>
		<IsOnlyDamagedByPlayer>false</IsOnlyDamagedByPlayer>
		<PositionRotation>
			<X>-408.210083</X>
			<Y>-984.897461</Y>
			<Z>977.449585</Z>
			<Pitch>6.40330995e-07</Pitch>
			<Roll>179.999756</Roll>
			<Yaw>-177.121582</Yaw>
		</PositionRotation>
		<Attachment isAttached="false" />
	</Placement>
	<Placement>
		<ModelHash>0xae11860f</ModelHash>
		<Type>3</Type>
		<Dynamic>false</Dynamic>
		<FrozenPos>true</FrozenPos>
		<HashName>0xae11860f</HashName>
		<InitialHandle>181350</InitialHandle>
		<ObjectProperties>
			<TextureVariation>0</TextureVariation>
		</ObjectProperties>
		<OpacityLevel>255</OpacityLevel>
		<LodDistance>16960</LodDistance>
		<IsVisible>true</IsVisible>
		<MaxHealth>1000</MaxHealth>
		<Health>1000</Health>
		<HasGravity>true</HasGravity>
		<IsOnFire>false</IsOnFire>
		<IsInvincible>false</IsInvincible>
		<IsBulletProof>false</IsBulletProof>
		<IsCollisionProof>false</IsCollisionProof>
		<IsExplosionProof>false</IsExplosionProof>
		<IsFireProof>false</IsFireProof>
		<IsMeleeProof>false</IsMeleeProof>
		<IsOnlyDamagedByPlayer>false</IsOnlyDamagedByPlayer>
		<PositionRotation>
			<X>-543.106201</X>
			<Y>-321.848083</Y>
			<Z>1382.25671</Z>
			<Pitch>0</Pitch>
			<Roll>-0</Roll>
			<Yaw>111.454941</Yaw>
		</PositionRotation>
		<Attachment isAttached="false" />
	</Placement>
	<Placement>
		<ModelHash>0xae11860f</ModelHash>
		<Type>3</Type>
		<Dynamic>false</Dynamic>
		<FrozenPos>true</FrozenPos>
		<HashName>0xae11860f</HashName>
		<InitialHandle>43377</InitialHandle>
		<ObjectProperties>
			<TextureVariation>0</TextureVariation>
		</ObjectProperties>
		<OpacityLevel>255</OpacityLevel>
		<LodDistance>16960</LodDistance>
		<IsVisible>true</IsVisible>
		<MaxHealth>1000</MaxHealth>
		<Health>1000</Health>
		<HasGravity>true</HasGravity>
		<IsOnFire>false</IsOnFire>
		<IsInvincible>false</IsInvincible>
		<IsBulletProof>false</IsBulletProof>
		<IsCollisionProof>false</IsCollisionProof>
		<IsExplosionProof>false</IsExplosionProof>
		<IsFireProof>false</IsFireProof>
		<IsMeleeProof>false</IsMeleeProof>
		<IsOnlyDamagedByPlayer>false</IsOnlyDamagedByPlayer>
		<PositionRotation>
			<X>-523.106201</X>
			<Y>-851.848083</Y>
			<Z>1382.25671</Z>
			<Pitch>0</Pitch>
			<Roll>-0</Roll>
			<Yaw>-168.544861</Yaw>
		</PositionRotation>
		<Attachment isAttached="false" />
	</Placement>
	<Placement>
		<ModelHash>0xae11860f</ModelHash>
		<Type>3</Type>
		<Dynamic>false</Dynamic>
		<FrozenPos>true</FrozenPos>
		<HashName>0xae11860f</HashName>
		<InitialHandle>354913</InitialHandle>
		<ObjectProperties>
			<TextureVariation>0</TextureVariation>
		</ObjectProperties>
		<OpacityLevel>255</OpacityLevel>
		<LodDistance>16960</LodDistance>
		<IsVisible>true</IsVisible>
		<MaxHealth>1000</MaxHealth>
		<Health>1000</Health>
		<HasGravity>true</HasGravity>
		<IsOnFire>false</IsOnFire>
		<IsInvincible>false</IsInvincible>
		<IsBulletProof>false</IsBulletProof>
		<IsCollisionProof>false</IsCollisionProof>
		<IsExplosionProof>false</IsExplosionProof>
		<IsFireProof>false</IsFireProof>
		<IsMeleeProof>false</IsMeleeProof>
		<IsOnlyDamagedByPlayer>false</IsOnlyDamagedByPlayer>
		<PositionRotation>
			<X>-243.106201</X>
			<Y>-1291.84814</Y>
			<Z>1382.25671</Z>
			<Pitch>0</Pitch>
			<Roll>-0</Roll>
			<Yaw>-128.544815</Yaw>
		</PositionRotation>
		<Attachment isAttached="false" />
	</Placement>
	<Placement>
		<ModelHash>0xae11860f</ModelHash>
		<Type>3</Type>
		<Dynamic>false</Dynamic>
		<FrozenPos>true</FrozenPos>
		<HashName>0xae11860f</HashName>
		<InitialHandle>361845</InitialHandle>
		<ObjectProperties>
			<TextureVariation>0</TextureVariation>
		</ObjectProperties>
		<OpacityLevel>255</OpacityLevel>
		<LodDistance>16960</LodDistance>
		<IsVisible>true</IsVisible>
		<MaxHealth>1000</MaxHealth>
		<Health>1000</Health>
		<HasGravity>true</HasGravity>
		<IsOnFire>false</IsOnFire>
		<IsInvincible>false</IsInvincible>
		<IsBulletProof>false</IsBulletProof>
		<IsCollisionProof>false</IsCollisionProof>
		<IsExplosionProof>false</IsExplosionProof>
		<IsFireProof>false</IsFireProof>
		<IsMeleeProof>false</IsMeleeProof>
		<IsOnlyDamagedByPlayer>false</IsOnlyDamagedByPlayer>
		<PositionRotation>
			<X>306.893829</X>
			<Y>-1141.84814</Y>
			<Z>1382.25671</Z>
			<Pitch>0</Pitch>
			<Roll>0</Roll>
			<Yaw>-58.5447807</Yaw>
		</PositionRotation>
		<Attachment isAttached="false" />
	</Placement>
	<Placement>
		<ModelHash>0xae11860f</ModelHash>
		<Type>3</Type>
		<Dynamic>false</Dynamic>
		<FrozenPos>true</FrozenPos>
		<HashName>0xae11860f</HashName>
		<InitialHandle>541442</InitialHandle>
		<ObjectProperties>
			<TextureVariation>0</TextureVariation>
		</ObjectProperties>
		<OpacityLevel>255</OpacityLevel>
		<LodDistance>16960</LodDistance>
		<IsVisible>true</IsVisible>
		<MaxHealth>1000</MaxHealth>
		<Health>1000</Health>
		<HasGravity>true</HasGravity>
		<IsOnFire>false</IsOnFire>
		<IsInvincible>false</IsInvincible>
		<IsBulletProof>false</IsBulletProof>
		<IsCollisionProof>false</IsCollisionProof>
		<IsExplosionProof>false</IsExplosionProof>
		<IsFireProof>false</IsFireProof>
		<IsMeleeProof>false</IsMeleeProof>
		<IsOnlyDamagedByPlayer>false</IsOnlyDamagedByPlayer>
		<PositionRotation>
			<X>496.893829</X>
			<Y>-551.848145</Y>
			<Z>1382.25671</Z>
			<Pitch>0</Pitch>
			<Roll>0</Roll>
			<Yaw>-18.5447845</Yaw>
		</PositionRotation>
		<Attachment isAttached="false" />
	</Placement>
	<Placement>
		<ModelHash>0xae11860f</ModelHash>
		<Type>3</Type>
		<Dynamic>false</Dynamic>
		<FrozenPos>true</FrozenPos>
		<HashName>0xae11860f</HashName>
		<InitialHandle>671238</InitialHandle>
		<ObjectProperties>
			<TextureVariation>0</TextureVariation>
		</ObjectProperties>
		<OpacityLevel>255</OpacityLevel>
		<LodDistance>16960</LodDistance>
		<IsVisible>true</IsVisible>
		<MaxHealth>1000</MaxHealth>
		<Health>1000</Health>
		<HasGravity>true</HasGravity>
		<IsOnFire>false</IsOnFire>
		<IsInvincible>false</IsInvincible>
		<IsBulletProof>false</IsBulletProof>
		<IsCollisionProof>false</IsCollisionProof>
		<IsExplosionProof>false</IsExplosionProof>
		<IsFireProof>false</IsFireProof>
		<IsMeleeProof>false</IsMeleeProof>
		<IsOnlyDamagedByPlayer>false</IsOnlyDamagedByPlayer>
		<PositionRotation>
			<X>36.8938599</X>
			<Y>-211.848145</Y>
			<Z>1382.25671</Z>
			<Pitch>0</Pitch>
			<Roll>0</Roll>
			<Yaw>61.4551888</Yaw>
		</PositionRotation>
		<Attachment isAttached="false" />
	</Placement>
	<Placement>
		<ModelHash>0x9ae513fc</ModelHash>
		<Type>3</Type>
		<Dynamic>false</Dynamic>
		<FrozenPos>true</FrozenPos>
		<HashName>0x9ae513fc</HashName>
		<InitialHandle>19208</InitialHandle>
		<ObjectProperties>
			<TextureVariation>0</TextureVariation>
		</ObjectProperties>
		<OpacityLevel>255</OpacityLevel>
		<LodDistance>16960</LodDistance>
		<IsVisible>true</IsVisible>
		<MaxHealth>1000</MaxHealth>
		<Health>1000</Health>
		<HasGravity>true</HasGravity>
		<IsOnFire>false</IsOnFire>
		<IsInvincible>false</IsInvincible>
		<IsBulletProof>false</IsBulletProof>
		<IsCollisionProof>false</IsCollisionProof>
		<IsExplosionProof>false</IsExplosionProof>
		<IsFireProof>false</IsFireProof>
		<IsMeleeProof>false</IsMeleeProof>
		<IsOnlyDamagedByPlayer>false</IsOnlyDamagedByPlayer>
		<PositionRotation>
			<X>33.5971107</X>
			<Y>-1541.17139</Y>
			<Z>1508.54236</Z>
			<Pitch>0</Pitch>
			<Roll>-0</Roll>
			<Yaw>137.6008</Yaw>
		</PositionRotation>
		<Attachment isAttached="false" />
	</Placement>
	<Placement>
		<ModelHash>0x9ae513fc</ModelHash>
		<Type>3</Type>
		<Dynamic>false</Dynamic>
		<FrozenPos>true</FrozenPos>
		<HashName>0x9ae513fc</HashName>
		<InitialHandle>378431</InitialHandle>
		<ObjectProperties>
			<TextureVariation>0</TextureVariation>
		</ObjectProperties>
		<OpacityLevel>255</OpacityLevel>
		<LodDistance>16960</LodDistance>
		<IsVisible>true</IsVisible>
		<MaxHealth>1000</MaxHealth>
		<Health>1000</Health>
		<HasGravity>true</HasGravity>
		<IsOnFire>false</IsOnFire>
		<IsInvincible>false</IsInvincible>
		<IsBulletProof>false</IsBulletProof>
		<IsCollisionProof>false</IsCollisionProof>
		<IsExplosionProof>false</IsExplosionProof>
		<IsFireProof>false</IsFireProof>
		<IsMeleeProof>false</IsMeleeProof>
		<IsOnlyDamagedByPlayer>false</IsOnlyDamagedByPlayer>
		<PositionRotation>
			<X>353.597137</X>
			<Y>-1331.17139</Y>
			<Z>1508.54236</Z>
			<Pitch>0</Pitch>
			<Roll>-0</Roll>
			<Yaw>157.600769</Yaw>
		</PositionRotation>
		<Attachment isAttached="false" />
	</Placement>
	<Placement>
		<ModelHash>0x9ae513fc</ModelHash>
		<Type>3</Type>
		<Dynamic>false</Dynamic>
		<FrozenPos>true</FrozenPos>
		<HashName>0x9ae513fc</HashName>
		<InitialHandle>162576</InitialHandle>
		<ObjectProperties>
			<TextureVariation>0</TextureVariation>
		</ObjectProperties>
		<OpacityLevel>255</OpacityLevel>
		<LodDistance>16960</LodDistance>
		<IsVisible>true</IsVisible>
		<MaxHealth>1000</MaxHealth>
		<Health>1000</Health>
		<HasGravity>true</HasGravity>
		<IsOnFire>false</IsOnFire>
		<IsInvincible>false</IsInvincible>
		<IsBulletProof>false</IsBulletProof>
		<IsCollisionProof>false</IsCollisionProof>
		<IsExplosionProof>false</IsExplosionProof>
		<IsFireProof>false</IsFireProof>
		<IsMeleeProof>false</IsMeleeProof>
		<IsOnlyDamagedByPlayer>false</IsOnlyDamagedByPlayer>
		<PositionRotation>
			<X>543.597168</X>
			<Y>-1051.17139</Y>
			<Z>1508.54236</Z>
			<Pitch>0</Pitch>
			<Roll>-0</Roll>
			<Yaw>177.600723</Yaw>
		</PositionRotation>
		<Attachment isAttached="false" />
	</Placement>
	<Placement>
		<ModelHash>0x9ae513fc</ModelHash>
		<Type>3</Type>
		<Dynamic>false</Dynamic>
		<FrozenPos>true</FrozenPos>
		<HashName>0x9ae513fc</HashName>
		<InitialHandle>170259</InitialHandle>
		<ObjectProperties>
			<TextureVariation>0</TextureVariation>
		</ObjectProperties>
		<OpacityLevel>255</OpacityLevel>
		<LodDistance>16960</LodDistance>
		<IsVisible>true</IsVisible>
		<MaxHealth>1000</MaxHealth>
		<Health>1000</Health>
		<HasGravity>true</HasGravity>
		<IsOnFire>false</IsOnFire>
		<IsInvincible>false</IsInvincible>
		<IsBulletProof>false</IsBulletProof>
		<IsCollisionProof>false</IsCollisionProof>
		<IsExplosionProof>false</IsExplosionProof>
		<IsFireProof>false</IsFireProof>
		<IsMeleeProof>false</IsMeleeProof>
		<IsOnlyDamagedByPlayer>false</IsOnlyDamagedByPlayer>
		<PositionRotation>
			<X>633.597168</X>
			<Y>-691.171387</Y>
			<Z>1508.54236</Z>
			<Pitch>0</Pitch>
			<Roll>-0</Roll>
			<Yaw>-162.399261</Yaw>
		</PositionRotation>
		<Attachment isAttached="false" />
	</Placement>
	<Placement>
		<ModelHash>0x9ae513fc</ModelHash>
		<Type>3</Type>
		<Dynamic>false</Dynamic>
		<FrozenPos>true</FrozenPos>
		<HashName>0x9ae513fc</HashName>
		<InitialHandle>648830</InitialHandle>
		<ObjectProperties>
			<TextureVariation>0</TextureVariation>
		</ObjectProperties>
		<OpacityLevel>255</OpacityLevel>
		<LodDistance>16960</LodDistance>
		<IsVisible>true</IsVisible>
		<MaxHealth>1000</MaxHealth>
		<Health>1000</Health>
		<HasGravity>true</HasGravity>
		<IsOnFire>false</IsOnFire>
		<IsInvincible>false</IsInvincible>
		<IsBulletProof>false</IsBulletProof>
		<IsCollisionProof>false</IsCollisionProof>
		<IsExplosionProof>false</IsExplosionProof>
		<IsFireProof>false</IsFireProof>
		<IsMeleeProof>false</IsMeleeProof>
		<IsOnlyDamagedByPlayer>false</IsOnlyDamagedByPlayer>
		<PositionRotation>
			<X>523.597168</X>
			<Y>-291.171387</Y>
			<Z>1508.54236</Z>
			<Pitch>0</Pitch>
			<Roll>-0</Roll>
			<Yaw>-102.399193</Yaw>
		</PositionRotation>
		<Attachment isAttached="false" />
	</Placement>
	<Placement>
		<ModelHash>0x9ae513fc</ModelHash>
		<Type>3</Type>
		<Dynamic>false</Dynamic>
		<FrozenPos>true</FrozenPos>
		<HashName>0x9ae513fc</HashName>
		<InitialHandle>468755</InitialHandle>
		<ObjectProperties>
			<TextureVariation>0</TextureVariation>
		</ObjectProperties>
		<OpacityLevel>255</OpacityLevel>
		<LodDistance>16960</LodDistance>
		<IsVisible>true</IsVisible>
		<MaxHealth>1000</MaxHealth>
		<Health>1000</Health>
		<HasGravity>true</HasGravity>
		<IsOnFire>false</IsOnFire>
		<IsInvincible>false</IsInvincible>
		<IsBulletProof>false</IsBulletProof>
		<IsCollisionProof>false</IsCollisionProof>
		<IsExplosionProof>false</IsExplosionProof>
		<IsFireProof>false</IsFireProof>
		<IsMeleeProof>false</IsMeleeProof>
		<IsOnlyDamagedByPlayer>false</IsOnlyDamagedByPlayer>
		<PositionRotation>
			<X>163.597168</X>
			<Y>-81.1713867</Y>
			<Z>1508.54236</Z>
			<Pitch>0</Pitch>
			<Roll>0</Roll>
			<Yaw>-82.3991623</Yaw>
		</PositionRotation>
		<Attachment isAttached="false" />
	</Placement>
	<Placement>
		<ModelHash>0x9ae513fc</ModelHash>
		<Type>3</Type>
		<Dynamic>false</Dynamic>
		<FrozenPos>true</FrozenPos>
		<HashName>0x9ae513fc</HashName>
		<InitialHandle>282135</InitialHandle>
		<ObjectProperties>
			<TextureVariation>0</TextureVariation>
		</ObjectProperties>
		<OpacityLevel>255</OpacityLevel>
		<LodDistance>16960</LodDistance>
		<IsVisible>true</IsVisible>
		<MaxHealth>1000</MaxHealth>
		<Health>1000</Health>
		<HasGravity>true</HasGravity>
		<IsOnFire>false</IsOnFire>
		<IsInvincible>false</IsInvincible>
		<IsBulletProof>false</IsBulletProof>
		<IsCollisionProof>false</IsCollisionProof>
		<IsExplosionProof>false</IsExplosionProof>
		<IsFireProof>false</IsFireProof>
		<IsMeleeProof>false</IsMeleeProof>
		<IsOnlyDamagedByPlayer>false</IsOnlyDamagedByPlayer>
		<PositionRotation>
			<X>-236.402847</X>
			<Y>28.8286171</Y>
			<Z>1508.54236</Z>
			<Pitch>0</Pitch>
			<Roll>0</Roll>
			<Yaw>-52.3991776</Yaw>
		</PositionRotation>
		<Attachment isAttached="false" />
	</Placement>
	<Placement>
		<ModelHash>0x9ae513fc</ModelHash>
		<Type>3</Type>
		<Dynamic>false</Dynamic>
		<FrozenPos>true</FrozenPos>
		<HashName>0x9ae513fc</HashName>
		<InitialHandle>691997</InitialHandle>
		<ObjectProperties>
			<TextureVariation>0</TextureVariation>
		</ObjectProperties>
		<OpacityLevel>255</OpacityLevel>
		<LodDistance>16960</LodDistance>
		<IsVisible>true</IsVisible>
		<MaxHealth>1000</MaxHealth>
		<Health>1000</Health>
		<HasGravity>true</HasGravity>
		<IsOnFire>false</IsOnFire>
		<IsInvincible>false</IsInvincible>
		<IsBulletProof>false</IsBulletProof>
		<IsCollisionProof>false</IsCollisionProof>
		<IsExplosionProof>false</IsExplosionProof>
		<IsFireProof>false</IsFireProof>
		<IsMeleeProof>false</IsMeleeProof>
		<IsOnlyDamagedByPlayer>false</IsOnlyDamagedByPlayer>
		<PositionRotation>
			<X>-576.402893</X>
			<Y>-131.171371</Y>
			<Z>1508.54236</Z>
			<Pitch>0</Pitch>
			<Roll>0</Roll>
			<Yaw>-32.3991661</Yaw>
		</PositionRotation>
		<Attachment isAttached="false" />
	</Placement>
	<Placement>
		<ModelHash>0x9ae513fc</ModelHash>
		<Type>3</Type>
		<Dynamic>false</Dynamic>
		<FrozenPos>true</FrozenPos>
		<HashName>0x9ae513fc</HashName>
		<InitialHandle>178716</InitialHandle>
		<ObjectProperties>
			<TextureVariation>0</TextureVariation>
		</ObjectProperties>
		<OpacityLevel>255</OpacityLevel>
		<LodDistance>16960</LodDistance>
		<IsVisible>true</IsVisible>
		<MaxHealth>1000</MaxHealth>
		<Health>1000</Health>
		<HasGravity>true</HasGravity>
		<IsOnFire>false</IsOnFire>
		<IsInvincible>false</IsInvincible>
		<IsBulletProof>false</IsBulletProof>
		<IsCollisionProof>false</IsCollisionProof>
		<IsExplosionProof>false</IsExplosionProof>
		<IsFireProof>false</IsFireProof>
		<IsMeleeProof>false</IsMeleeProof>
		<IsOnlyDamagedByPlayer>false</IsOnlyDamagedByPlayer>
		<PositionRotation>
			<X>-786.402893</X>
			<Y>-471.171387</Y>
			<Z>1508.54236</Z>
			<Pitch>0</Pitch>
			<Roll>0</Roll>
			<Yaw>27.600832</Yaw>
		</PositionRotation>
		<Attachment isAttached="false" />
	</Placement>
	<Placement>
		<ModelHash>0x9ae513fc</ModelHash>
		<Type>3</Type>
		<Dynamic>false</Dynamic>
		<FrozenPos>true</FrozenPos>
		<HashName>0x9ae513fc</HashName>
		<InitialHandle>472863</InitialHandle>
		<ObjectProperties>
			<TextureVariation>0</TextureVariation>
		</ObjectProperties>
		<OpacityLevel>255</OpacityLevel>
		<LodDistance>16960</LodDistance>
		<IsVisible>true</IsVisible>
		<MaxHealth>1000</MaxHealth>
		<Health>1000</Health>
		<HasGravity>true</HasGravity>
		<IsOnFire>false</IsOnFire>
		<IsInvincible>false</IsInvincible>
		<IsBulletProof>false</IsBulletProof>
		<IsCollisionProof>false</IsCollisionProof>
		<IsExplosionProof>false</IsExplosionProof>
		<IsFireProof>false</IsFireProof>
		<IsMeleeProof>false</IsMeleeProof>
		<IsOnlyDamagedByPlayer>false</IsOnlyDamagedByPlayer>
		<PositionRotation>
			<X>-856.402893</X>
			<Y>-851.171387</Y>
			<Z>1508.54236</Z>
			<Pitch>0</Pitch>
			<Roll>0</Roll>
			<Yaw>47.6008224</Yaw>
		</PositionRotation>
		<Attachment isAttached="false" />
	</Placement>
	<Placement>
		<ModelHash>0x9ae513fc</ModelHash>
		<Type>3</Type>
		<Dynamic>false</Dynamic>
		<FrozenPos>true</FrozenPos>
		<HashName>0x9ae513fc</HashName>
		<InitialHandle>615200</InitialHandle>
		<ObjectProperties>
			<TextureVariation>0</TextureVariation>
		</ObjectProperties>
		<OpacityLevel>255</OpacityLevel>
		<LodDistance>16960</LodDistance>
		<IsVisible>true</IsVisible>
		<MaxHealth>1000</MaxHealth>
		<Health>1000</Health>
		<HasGravity>true</HasGravity>
		<IsOnFire>false</IsOnFire>
		<IsInvincible>false</IsInvincible>
		<IsBulletProof>false</IsBulletProof>
		<IsCollisionProof>false</IsCollisionProof>
		<IsExplosionProof>false</IsExplosionProof>
		<IsFireProof>false</IsFireProof>
		<IsMeleeProof>false</IsMeleeProof>
		<IsOnlyDamagedByPlayer>false</IsOnlyDamagedByPlayer>
		<PositionRotation>
			<X>-626.402893</X>
			<Y>-1251.17139</Y>
			<Z>1508.54236</Z>
			<Pitch>0</Pitch>
			<Roll>0</Roll>
			<Yaw>77.6007996</Yaw>
		</PositionRotation>
		<Attachment isAttached="false" />
	</Placement>
	<Placement>
		<ModelHash>0x9ae513fc</ModelHash>
		<Type>3</Type>
		<Dynamic>false</Dynamic>
		<FrozenPos>true</FrozenPos>
		<HashName>0x9ae513fc</HashName>
		<InitialHandle>700693</InitialHandle>
		<ObjectProperties>
			<TextureVariation>0</TextureVariation>
		</ObjectProperties>
		<OpacityLevel>255</OpacityLevel>
		<LodDistance>16960</LodDistance>
		<IsVisible>true</IsVisible>
		<MaxHealth>1000</MaxHealth>
		<Health>1000</Health>
		<HasGravity>true</HasGravity>
		<IsOnFire>false</IsOnFire>
		<IsInvincible>false</IsInvincible>
		<IsBulletProof>false</IsBulletProof>
		<IsCollisionProof>false</IsCollisionProof>
		<IsExplosionProof>false</IsExplosionProof>
		<IsFireProof>false</IsFireProof>
		<IsMeleeProof>false</IsMeleeProof>
		<IsOnlyDamagedByPlayer>false</IsOnlyDamagedByPlayer>
		<PositionRotation>
			<X>-316.402893</X>
			<Y>-1441.17139</Y>
			<Z>1508.54236</Z>
			<Pitch>0</Pitch>
			<Roll>0</Roll>
			<Yaw>87.6007843</Yaw>
		</PositionRotation>
		<Attachment isAttached="false" />
	</Placement>
	<Placement>
		<ModelHash>0x5ca4a9a0</ModelHash>
		<Type>3</Type>
		<Dynamic>false</Dynamic>
		<FrozenPos>true</FrozenPos>
		<HashName>0x5ca4a9a0</HashName>
		<InitialHandle>636978</InitialHandle>
		<ObjectProperties>
			<TextureVariation>0</TextureVariation>
		</ObjectProperties>
		<OpacityLevel>255</OpacityLevel>
		<LodDistance>16960</LodDistance>
		<IsVisible>true</IsVisible>
		<MaxHealth>1000</MaxHealth>
		<Health>1000</Health>
		<HasGravity>true</HasGravity>
		<IsOnFire>false</IsOnFire>
		<IsInvincible>false</IsInvincible>
		<IsBulletProof>false</IsBulletProof>
		<IsCollisionProof>false</IsCollisionProof>
		<IsExplosionProof>false</IsExplosionProof>
		<IsFireProof>false</IsFireProof>
		<IsMeleeProof>false</IsMeleeProof>
		<IsOnlyDamagedByPlayer>false</IsOnlyDamagedByPlayer>
		<PositionRotation>
			<X>-448.210052</X>
			<Y>-564.897461</Y>
			<Z>977.449585</Z>
			<Pitch>6.40304165e-07</Pitch>
			<Roll>179.999756</Roll>
			<Yaw>112.878517</Yaw>
		</PositionRotation>
		<Attachment isAttached="false" />
	</Placement>
</SpoonerPlacements>
