<?xml version="1.0" encoding="ISO-8859-1"?>
<SpoonerPlacements>
	<ReferenceCoords>
		<X>453.79489135742</X>
		<Y>5613.63671875</Y>
		<Z>896.15148925781</Z>
	</ReferenceCoords>
	<Attachment>
		<InitialHandle>116021</InitialHandle>
		<IsCollisionProof>false</IsCollisionProof>
		<PositionRotation>
			<Y>5257.1782226562</Y>
			<X>431.09399414062</X>
			<Roll>-0.0</Roll>
			<Yaw>-94.291999816895</Yaw>
			<Pitch>0.0</Pitch>
			<Z>895.82299804688</Z>
		</PositionRotation>
		<FrozenPos>true</FrozenPos>
		<HashName>stt_prop_stunt_target</HashName>
		<ModelHash>1822550295</ModelHash>
	</Attachment>
	<Attachment>
		<InitialHandle>110622</InitialHandle>
		<IsCollisionProof>false</IsCollisionProof>
		<PositionRotation>
			<Y>5221.05078125</Y>
			<X>505.02600097656</X>
			<Roll>-0.0</Roll>
			<Yaw>146.19900512695</Yaw>
			<Pitch>0.0</Pitch>
			<Z>895.97399902344</Z>
		</PositionRotation>
		<FrozenPos>true</FrozenPos>
		<HashName>stt_prop_track_bend_15d</HashName>
		<ModelHash>3855610836</ModelHash>
	</Attachment>
	<Attachment>
		<InitialHandle>163381</InitialHandle>
		<IsCollisionProof>false</IsCollisionProof>
		<PositionRotation>
			<Y>5277.2729492188</Y>
			<X>144.55599975586</X>
			<Roll>-14.999424934387</Roll>
			<Yaw>-3.293518781662</Yaw>
			<Pitch>-90.413803100586</Pitch>
			<Z>867.90600585938</Z>
		</PositionRotation>
		<FrozenPos>true</FrozenPos>
		<HashName>stt_prop_stunt_tube_speedb</HashName>
		<ModelHash>993442923</ModelHash>
	</Attachment>
	<Attachment>
		<InitialHandle>166690</InitialHandle>
		<IsCollisionProof>false</IsCollisionProof>
		<PositionRotation>
			<Y>5475.3017578125</Y>
			<X>1066.7430419922</X>
			<Roll>0.0</Roll>
			<Yaw>-3.4000000953674</Yaw>
			<Pitch>0.0</Pitch>
			<Z>845.97497558594</Z>
		</PositionRotation>
		<FrozenPos>true</FrozenPos>
		<HashName>stt_prop_stunt_track_dwlink_02</HashName>
		<ModelHash>1969602791</ModelHash>
	</Attachment>
	<Attachment>
		<InitialHandle>1544</InitialHandle>
		<IsCollisionProof>false</IsCollisionProof>
		<PositionRotation>
			<Y>5267.1811523438</Y>
			<X>306.32299804688</X>
			<Roll>-0.0</Roll>
			<Yaw>-93.49299621582</Yaw>
			<Pitch>0.0</Pitch>
			<Z>909.76397705078</Z>
		</PositionRotation>
		<FrozenPos>true</FrozenPos>
		<HashName>stt_prop_speakerstack_01a</HashName>
		<ModelHash>2612158703</ModelHash>
	</Attachment>
	<Attachment>
		<InitialHandle>142644</InitialHandle>
		<IsCollisionProof>false</IsCollisionProof>
		<PositionRotation>
			<Y>5710.966796875</Y>
			<X>308.17599487305</X>
			<Roll>0.0</Roll>
			<Yaw>86.599998474121</Yaw>
			<Pitch>0.0</Pitch>
			<Z>789.36901855469</Z>
		</PositionRotation>
		<FrozenPos>true</FrozenPos>
		<HashName>stt_prop_stunt_track_dwlink_02</HashName>
		<ModelHash>1969602791</ModelHash>
	</Attachment>
	<Attachment>
		<InitialHandle>148008</InitialHandle>
		<IsCollisionProof>false</IsCollisionProof>
		<PositionRotation>
			<Y>5648.744140625</Y>
			<X>-56.893001556396</X>
			<Roll>-0.0</Roll>
			<Yaw>-98.400001525879</Yaw>
			<Pitch>0.0</Pitch>
			<Z>851.291015625</Z>
		</PositionRotation>
		<FrozenPos>true</FrozenPos>
		<HashName>stt_prop_stunt_tube_crn_5d</HashName>
		<ModelHash>1337911167</ModelHash>
	</Attachment>
	<Attachment>
		<InitialHandle>67877</InitialHandle>
		<IsCollisionProof>false</IsCollisionProof>
		<PositionRotation>
			<Y>5733.4951171875</Y>
			<X>-71.932998657227</X>
			<Roll>0.0</Roll>
			<Yaw>-3.5999999046326</Yaw>
			<Pitch>0.0</Pitch>
			<Z>899.45001220703</Z>
		</PositionRotation>
		<FrozenPos>true</FrozenPos>
		<HashName>stt_prop_track_jump_01a</HashName>
		<ModelHash>2145085161</ModelHash>
	</Attachment>
	<Attachment>
		<InitialHandle>175906</InitialHandle>
		<IsCollisionProof>false</IsCollisionProof>
		<PositionRotation>
			<Y>5182.4921875</Y>
			<X>613.50701904297</X>
			<Roll>0.0</Roll>
			<Yaw>-3.8010003566742</Yaw>
			<Pitch>0.0</Pitch>
			<Z>895.91900634766</Z>
		</PositionRotation>
		<FrozenPos>true</FrozenPos>
		<HashName>stt_prop_track_straight_bar_m</HashName>
		<ModelHash>3750768780</ModelHash>
	</Attachment>
	<Attachment>
		<InitialHandle>102695</InitialHandle>
		<IsCollisionProof>false</IsCollisionProof>
		<PositionRotation>
			<Y>5145.8520507812</Y>
			<X>809.50201416016</X>
			<Roll>-0.0</Roll>
			<Yaw>113.0</Yaw>
			<Pitch>0.0</Pitch>
			<Z>895.87200927734</Z>
		</PositionRotation>
		<FrozenPos>true</FrozenPos>
		<HashName>stt_prop_ramp_spiral_l_xxl</HashName>
		<ModelHash>4020388926</ModelHash>
	</Attachment>
	<Attachment>
		<InitialHandle>86303</InitialHandle>
		<IsCollisionProof>false</IsCollisionProof>
		<PositionRotation>
			<Y>4999.8549804688</Y>
			<X>-97.458999633789</X>
			<Roll>0.0</Roll>
			<Yaw>86.599998474121</Yaw>
			<Pitch>0.0</Pitch>
			<Z>754.98199462891</Z>
		</PositionRotation>
		<FrozenPos>true</FrozenPos>
		<HashName>stt_prop_stunt_tube_xxs</HashName>
		<ModelHash>1125864094</ModelHash>
	</Attachment>
	<Attachment>
		<InitialHandle>3085</InitialHandle>
		<IsCollisionProof>false</IsCollisionProof>
		<PositionRotation>
			<Y>5506.2548828125</Y>
			<X>503.3251953125</X>
			<Roll>0.0</Roll>
			<Yaw>0.0</Yaw>
			<Pitch>0.0</Pitch>
			<Z>774.06958007812</Z>
		</PositionRotation>
		<FrozenPos>true</FrozenPos>
		<HashName></HashName>
		<ModelHash>3502903704</ModelHash>
	</Attachment>
	<Attachment>
		<InitialHandle>119607</InitialHandle>
		<IsCollisionProof>false</IsCollisionProof>
		<PositionRotation>
			<Y>5181.3032226562</Y>
			<X>576.92797851562</X>
			<Roll>0.57299911975861</Roll>
			<Yaw>-62.800994873047</Yaw>
			<Pitch>-0.10000498592854</Pitch>
			<Z>895.60198974609</Z>
		</PositionRotation>
		<FrozenPos>true</FrozenPos>
		<HashName>stt_prop_track_bend_m</HashName>
		<ModelHash>2305387216</ModelHash>
	</Attachment>
	<Attachment>
		<InitialHandle>134955</InitialHandle>
		<IsCollisionProof>false</IsCollisionProof>
		<PositionRotation>
			<Y>5813.490234375</Y>
			<X>-21.489000320435</X>
			<Roll>-0.0</Roll>
			<Yaw>176.60000610352</Yaw>
			<Pitch>0.0</Pitch>
			<Z>851.291015625</Z>
		</PositionRotation>
		<FrozenPos>true</FrozenPos>
		<HashName>stt_prop_stunt_tube_crn</HashName>
		<ModelHash>3515328436</ModelHash>
	</Attachment>
	<Attachment>
		<InitialHandle>100915</InitialHandle>
		<IsCollisionProof>false</IsCollisionProof>
		<PositionRotation>
			<Y>5712.4770507812</Y>
			<X>279.65798950195</X>
			<Roll>0.0</Roll>
			<Yaw>-3.2000002861023</Yaw>
			<Pitch>0.0</Pitch>
			<Z>839.36602783203</Z>
		</PositionRotation>
		<FrozenPos>true</FrozenPos>
		<HashName>stt_prop_track_stop_sign</HashName>
		<ModelHash>2703078263</ModelHash>
	</Attachment>
	<Attachment>
		<InitialHandle>19753</InitialHandle>
		<IsCollisionProof>false</IsCollisionProof>
		<PositionRotation>
			<Y>5298.4038085938</Y>
			<X>-222.63900756836</X>
			<Roll>-14.999424934387</Roll>
			<Yaw>-3.293518781662</Yaw>
			<Pitch>-90.413803100586</Pitch>
			<Z>769.35699462891</Z>
		</PositionRotation>
		<FrozenPos>true</FrozenPos>
		<HashName>stt_prop_stunt_tube_speedb</HashName>
		<ModelHash>993442923</ModelHash>
	</Attachment>
	<Attachment>
		<InitialHandle>40724</InitialHandle>
		<IsCollisionProof>false</IsCollisionProof>
		<PositionRotation>
			<Y>5708.2900390625</Y>
			<X>353.07800292969</X>
			<Roll>-0.0</Roll>
			<Yaw>-93.400001525879</Yaw>
			<Pitch>0.0</Pitch>
			<Z>789.36901855469</Z>
		</PositionRotation>
		<FrozenPos>true</FrozenPos>
		<HashName>stt_prop_stunt_track_link</HashName>
		<ModelHash>2975572692</ModelHash>
	</Attachment>
	<Attachment>
		<InitialHandle>57909</InitialHandle>
		<IsCollisionProof>false</IsCollisionProof>
		<PositionRotation>
			<Y>5240.6669921875</Y>
			<X>510.37200927734</X>
			<Roll>-0.0</Roll>
			<Yaw>147.19999694824</Yaw>
			<Pitch>0.0</Pitch>
			<Z>895.98400878906</Z>
		</PositionRotation>
		<FrozenPos>true</FrozenPos>
		<HashName>stt_prop_track_bend_15d</HashName>
		<ModelHash>3855610836</ModelHash>
	</Attachment>
	<Attachment>
		<InitialHandle>30742</InitialHandle>
		<IsCollisionProof>false</IsCollisionProof>
		<PositionRotation>
			<Y>5800.4858398438</Y>
			<X>528.2919921875</X>
			<Roll>0.0</Roll>
			<Yaw>-3.4000000953674</Yaw>
			<Pitch>0.0</Pitch>
			<Z>851.291015625</Z>
		</PositionRotation>
		<FrozenPos>true</FrozenPos>
		<HashName>stt_prop_stunt_tube_s</HashName>
		<ModelHash>2081936690</ModelHash>
	</Attachment>
	<Attachment>
		<InitialHandle>46122</InitialHandle>
		<IsCollisionProof>false</IsCollisionProof>
		<PositionRotation>
			<Y>4846.3232421875</Y>
			<X>-209.29499816895</X>
			<Roll>0.0</Roll>
			<Yaw>86.599998474121</Yaw>
			<Pitch>0.0</Pitch>
			<Z>754.98199462891</Z>
		</PositionRotation>
		<FrozenPos>true</FrozenPos>
		<HashName>stt_prop_stunt_tube_s</HashName>
		<ModelHash>2081936690</ModelHash>
	</Attachment>
	<Attachment>
		<InitialHandle>54831</InitialHandle>
		<IsCollisionProof>false</IsCollisionProof>
		<PositionRotation>
			<Y>4883.9047851562</Y>
			<X>-104.34799957275</X>
			<Roll>0.0</Roll>
			<Yaw>86.599998474121</Yaw>
			<Pitch>0.0</Pitch>
			<Z>754.98199462891</Z>
		</PositionRotation>
		<FrozenPos>true</FrozenPos>
		<HashName>stt_prop_stunt_tube_m</HashName>
		<ModelHash>237402445</ModelHash>
	</Attachment>
	<Attachment>
		<InitialHandle>170529</InitialHandle>
		<IsCollisionProof>false</IsCollisionProof>
		<PositionRotation>
			<Y>5359.8681640625</Y>
			<X>-75.541999816895</X>
			<Roll>-0.0</Roll>
			<Yaw>155.99899291992</Yaw>
			<Pitch>0.0</Pitch>
			<Z>854.88201904297</Z>
		</PositionRotation>
		<FrozenPos>true</FrozenPos>
		<HashName>ind_prop_firework_03</HashName>
		<ModelHash>3176209716</ModelHash>
	</Attachment>
	<Attachment>
		<InitialHandle>9757</InitialHandle>
		<IsCollisionProof>false</IsCollisionProof>
		<PositionRotation>
			<Y>5528.3090820312</Y>
			<X>-66.036003112793</X>
			<Roll>0.0</Roll>
			<Yaw>-3.4000000953674</Yaw>
			<Pitch>0.0</Pitch>
			<Z>789.29302978516</Z>
		</PositionRotation>
		<FrozenPos>true</FrozenPos>
		<HashName>stt_prop_stunt_track_otake</HashName>
		<ModelHash>77593408</ModelHash>
	</Attachment>
	<Attachment>
		<InitialHandle>151340</InitialHandle>
		<IsCollisionProof>false</IsCollisionProof>
		<PositionRotation>
			<Y>5597.3989257812</Y>
			<X>702.1669921875</X>
			<Roll>-0.0</Roll>
			<Yaw>-93.400001525879</Yaw>
			<Pitch>0.0</Pitch>
			<Z>845.99401855469</Z>
		</PositionRotation>
		<FrozenPos>true</FrozenPos>
		<HashName>stt_prop_stunt_track_dwlink_02</HashName>
		<ModelHash>1969602791</ModelHash>
	</Attachment>
	<Attachment>
		<InitialHandle>38188</InitialHandle>
		<IsCollisionProof>false</IsCollisionProof>
		<PositionRotation>
			<Y>5410.0581054688</Y>
			<X>-73.032997131348</X>
			<Roll>-0.0</Roll>
			<Yaw>-93.401000976562</Yaw>
			<Pitch>0.0</Pitch>
			<Z>854.82598876953</Z>
		</PositionRotation>
		<FrozenPos>true</FrozenPos>
		<HashName>stt_prop_speakerstack_01a</HashName>
		<ModelHash>2612158703</ModelHash>
	</Attachment>
	<Attachment>
		<InitialHandle>43557</InitialHandle>
		<IsCollisionProof>false</IsCollisionProof>
		<PositionRotation>
			<Y>5727.1967773438</Y>
			<X>35.861999511719</X>
			<Roll>-0.0</Roll>
			<Yaw>175.79699707031</Yaw>
			<Pitch>0.0</Pitch>
			<Z>895.98498535156</Z>
		</PositionRotation>
		<FrozenPos>true</FrozenPos>
		<HashName>ind_prop_firework_03</HashName>
		<ModelHash>3176209716</ModelHash>
	</Attachment>
	<Attachment>
		<InitialHandle>86031</InitialHandle>
		<IsCollisionProof>false</IsCollisionProof>
		<PositionRotation>
			<Y>5599.1376953125</Y>
			<X>462.73736572266</X>
			<Roll>0.0</Roll>
			<Yaw>0.0</Yaw>
			<Pitch>0.0</Pitch>
			<Z>781.45336914062</Z>
		</PositionRotation>
		<FrozenPos>true</FrozenPos>
		<HashName></HashName>
		<ModelHash>361256851</ModelHash>
	</Attachment>
	<Attachment>
		<InitialHandle>97589</InitialHandle>
		<IsCollisionProof>false</IsCollisionProof>
		<PositionRotation>
			<Y>5823.248046875</Y>
			<X>145.28300476074</X>
			<Roll>0.0</Roll>
			<Yaw>-3.4000000953674</Yaw>
			<Pitch>0.0</Pitch>
			<Z>851.291015625</Z>
		</PositionRotation>
		<FrozenPos>true</FrozenPos>
		<HashName>stt_prop_stunt_tube_gap_03</HashName>
		<ModelHash>2632057846</ModelHash>
	</Attachment>
	<Attachment>
		<InitialHandle>1308</InitialHandle>
		<IsCollisionProof>false</IsCollisionProof>
		<PositionRotation>
			<Y>5705.9912109375</Y>
			<X>389.93600463867</X>
			<Roll>0.0</Roll>
			<Yaw>-3.4000000953674</Yaw>
			<Pitch>0.0</Pitch>
			<Z>801.20202636719</Z>
		</PositionRotation>
		<FrozenPos>true</FrozenPos>
		<HashName>stt_prop_track_tube_02</HashName>
		<ModelHash>2472074582</ModelHash>
	</Attachment>
	<Attachment>
		<InitialHandle>168999</InitialHandle>
		<IsCollisionProof>false</IsCollisionProof>
		<PositionRotation>
			<Y>5430.3989257812</Y>
			<X>1064.0660400391</X>
			<Roll>-0.0</Roll>
			<Yaw>176.60000610352</Yaw>
			<Pitch>0.0</Pitch>
			<Z>845.97497558594</Z>
		</PositionRotation>
		<FrozenPos>true</FrozenPos>
		<HashName>stt_prop_stunt_track_link</HashName>
		<ModelHash>2975572692</ModelHash>
	</Attachment>
	<Attachment>
		<InitialHandle>144920</InitialHandle>
		<IsCollisionProof>false</IsCollisionProof>
		<PositionRotation>
			<Y>5721.787109375</Y>
			<X>126.01399993896</X>
			<Roll>0.0</Roll>
			<Yaw>86.599998474121</Yaw>
			<Pitch>0.0</Pitch>
			<Z>830.29699707031</Z>
		</PositionRotation>
		<FrozenPos>true</FrozenPos>
		<HashName>stt_prop_stunt_track_dwslope30</HashName>
		<ModelHash>4149900442</ModelHash>
	</Attachment>
	<Attachment>
		<InitialHandle>139563</InitialHandle>
		<IsCollisionProof>false</IsCollisionProof>
		<PositionRotation>
			<Y>5908.7768554688</Y>
			<X>334.28799438477</X>
			<Roll>0.0</Roll>
			<Yaw>86.598999023438</Yaw>
			<Pitch>0.0</Pitch>
			<Z>851.291015625</Z>
		</PositionRotation>
		<FrozenPos>true</FrozenPos>
		<HashName>stt_prop_stunt_tube_crn_5d</HashName>
		<ModelHash>1337911167</ModelHash>
	</Attachment>
	<Attachment>
		<InitialHandle>160540</InitialHandle>
		<IsCollisionProof>false</IsCollisionProof>
		<PositionRotation>
			<Y>4792.7109375</Y>
			<X>-212.48100280762</X>
			<Roll>0.0</Roll>
			<Yaw>86.599998474121</Yaw>
			<Pitch>0.0</Pitch>
			<Z>754.98199462891</Z>
		</PositionRotation>
		<FrozenPos>true</FrozenPos>
		<HashName>stt_prop_stunt_tube_speedb</HashName>
		<ModelHash>993442923</ModelHash>
	</Attachment>
	<Attachment>
		<InitialHandle>22820</InitialHandle>
		<IsCollisionProof>false</IsCollisionProof>
		<PositionRotation>
			<Y>5175.4638671875</Y>
			<X>719.29498291016</X>
			<Roll>0.0</Roll>
			<Yaw>-3.8010003566742</Yaw>
			<Pitch>0.0</Pitch>
			<Z>895.92901611328</Z>
		</PositionRotation>
		<FrozenPos>true</FrozenPos>
		<HashName>stt_prop_track_straight_bar_l</HashName>
		<ModelHash>3514471521</ModelHash>
	</Attachment>
	<Attachment>
		<InitialHandle>93973</InitialHandle>
		<IsCollisionProof>false</IsCollisionProof>
		<PositionRotation>
			<Y>5824.591796875</Y>
			<X>453.60501098633</X>
			<Roll>-0.0</Roll>
			<Yaw>-93.400001525879</Yaw>
			<Pitch>0.0</Pitch>
			<Z>851.291015625</Z>
		</PositionRotation>
		<FrozenPos>true</FrozenPos>
		<HashName>stt_prop_stunt_tube_crn</HashName>
		<ModelHash>3515328436</ModelHash>
	</Attachment>
	<Attachment>
		<InitialHandle>141600</InitialHandle>
		<IsCollisionProof>false</IsCollisionProof>
		<PositionRotation>
			<Y>5585.2290039062</Y>
			<X>-62.338001251221</X>
			<Roll>-0.0</Roll>
			<Yaw>175.19799804688</Yaw>
			<Pitch>0.0</Pitch>
			<Z>860.8759765625</Z>
		</PositionRotation>
		<FrozenPos>true</FrozenPos>
		<HashName>stt_prop_speakerstack_01a</HashName>
		<ModelHash>2612158703</ModelHash>
	</Attachment>
	<Attachment>
		<InitialHandle>40221</InitialHandle>
		<IsCollisionProof>false</IsCollisionProof>
		<PositionRotation>
			<Y>4947.4467773438</Y>
			<X>-299.07400512695</X>
			<Roll>0.0</Roll>
			<Yaw>-3.4010000228882</Yaw>
			<Pitch>0.0</Pitch>
			<Z>754.98199462891</Z>
		</PositionRotation>
		<FrozenPos>true</FrozenPos>
		<HashName>stt_prop_stunt_tube_s</HashName>
		<ModelHash>2081936690</ModelHash>
	</Attachment>
	<Attachment>
		<InitialHandle>13313</InitialHandle>
		<IsCollisionProof>false</IsCollisionProof>
		<PositionRotation>
			<Y>5827.4721679688</Y>
			<X>74.203002929688</X>
			<Roll>-0.0</Roll>
			<Yaw>176.60000610352</Yaw>
			<Pitch>0.0</Pitch>
			<Z>851.291015625</Z>
		</PositionRotation>
		<FrozenPos>true</FrozenPos>
		<HashName>stt_prop_stunt_tube_s</HashName>
		<ModelHash>2081936690</ModelHash>
	</Attachment>
	<Attachment>
		<InitialHandle>103461</InitialHandle>
		<IsCollisionProof>false</IsCollisionProof>
		<PositionRotation>
			<Y>5612.298828125</Y>
			<X>2222.8830566406</X>
			<Roll>-0.0</Roll>
			<Yaw>15.324997901917</Yaw>
			<Pitch>0.50000005960464</Pitch>
			<Z>55.291000366211</Z>
		</PositionRotation>
		<FrozenPos>true</FrozenPos>
		<HashName>xm_prop_x17dlc_rep_sign_01a</HashName>
		<ModelHash>476379176</ModelHash>
	</Attachment>
	<Attachment>
		<InitialHandle>152108</InitialHandle>
		<IsCollisionProof>false</IsCollisionProof>
		<PositionRotation>
			<Y>5218.5322265625</Y>
			<X>524.64398193359</X>
			<Roll>-0.0</Roll>
			<Yaw>-94.199996948242</Yaw>
			<Pitch>0.0</Pitch>
			<Z>895.62799072266</Z>
		</PositionRotation>
		<FrozenPos>true</FrozenPos>
		<HashName>stt_prop_stunt_bblock_huge_05</HashName>
		<ModelHash>953286133</ModelHash>
	</Attachment>
	<Attachment>
		<InitialHandle>90671</InitialHandle>
		<IsCollisionProof>false</IsCollisionProof>
		<PositionRotation>
			<Y>5731.953125</Y>
			<X>-50.242000579834</X>
			<Roll>-0.0</Roll>
			<Yaw>-94.291999816895</Yaw>
			<Pitch>0.0</Pitch>
			<Z>895.98602294922</Z>
		</PositionRotation>
		<FrozenPos>true</FrozenPos>
		<HashName>stt_prop_hoop_constraction_01a</HashName>
		<ModelHash>737590223</ModelHash>
	</Attachment>
	<Attachment>
		<InitialHandle>115230</InitialHandle>
		<IsCollisionProof>false</IsCollisionProof>
		<PositionRotation>
			<Y>5727.2001953125</Y>
			<X>35.654998779297</X>
			<Roll>-0.0</Roll>
			<Yaw>175.79699707031</Yaw>
			<Pitch>0.0</Pitch>
			<Z>895.98498535156</Z>
		</PositionRotation>
		<FrozenPos>true</FrozenPos>
		<HashName>ind_prop_firework_03</HashName>
		<ModelHash>3176209716</ModelHash>
	</Attachment>
	<Attachment>
		<InitialHandle>63015</InitialHandle>
		<IsCollisionProof>false</IsCollisionProof>
		<PositionRotation>
			<Y>5121.5620117188</Y>
			<X>-90.222999572754</X>
			<Roll>0.0</Roll>
			<Yaw>-3.4000000953674</Yaw>
			<Pitch>0.0</Pitch>
			<Z>789.18902587891</Z>
		</PositionRotation>
		<FrozenPos>true</FrozenPos>
		<HashName>stt_prop_stunt_track_dwslope45</HashName>
		<ModelHash>158374374</ModelHash>
	</Attachment>
	<Attachment>
		<InitialHandle>143665</InitialHandle>
		<IsCollisionProof>false</IsCollisionProof>
		<PositionRotation>
			<Y>5729.5087890625</Y>
			<X>-3.7219998836517</X>
			<Roll>0.0</Roll>
			<Yaw>86.599998474121</Yaw>
			<Pitch>0.0</Pitch>
			<Z>845.99499511719</Z>
		</PositionRotation>
		<FrozenPos>true</FrozenPos>
		<HashName>stt_prop_stunt_track_exshort</HashName>
		<ModelHash>120611315</ModelHash>
	</Attachment>
	<Attachment>
		<InitialHandle>3854</InitialHandle>
		<IsCollisionProof>false</IsCollisionProof>
		<PositionRotation>
			<Y>5727.2758789062</Y>
			<X>33.694000244141</X>
			<Roll>-0.0</Roll>
			<Yaw>-93.400001525879</Yaw>
			<Pitch>0.0</Pitch>
			<Z>845.99499511719</Z>
		</PositionRotation>
		<FrozenPos>true</FrozenPos>
		<HashName>stt_prop_stunt_track_dwlink</HashName>
		<ModelHash>100090969</ModelHash>
	</Attachment>
	<Attachment>
		<InitialHandle>10788</InitialHandle>
		<IsCollisionProof>false</IsCollisionProof>
		<PositionRotation>
			<Y>5565.3041992188</Y>
			<X>770.72100830078</X>
			<Roll>0.0</Roll>
			<Yaw>-3.4000000953674</Yaw>
			<Pitch>0.0</Pitch>
			<Z>845.94598388672</Z>
		</PositionRotation>
		<FrozenPos>true</FrozenPos>
		<HashName>stt_prop_stunt_track_dwturn</HashName>
		<ModelHash>3350880217</ModelHash>
	</Attachment>
	<Attachment>
		<InitialHandle>20521</InitialHandle>
		<IsCollisionProof>false</IsCollisionProof>
		<PositionRotation>
			<Y>4786.62890625</Y>
			<X>-110.12699890137</X>
			<Roll>0.0</Roll>
			<Yaw>86.599998474121</Yaw>
			<Pitch>0.0</Pitch>
			<Z>754.98199462891</Z>
		</PositionRotation>
		<FrozenPos>true</FrozenPos>
		<HashName>stt_prop_stunt_tube_speedb</HashName>
		<ModelHash>993442923</ModelHash>
	</Attachment>
	<Attachment>
		<InitialHandle>96813</InitialHandle>
		<IsCollisionProof>false</IsCollisionProof>
		<PositionRotation>
			<Y>5271.044921875</Y>
			<X>252.79699707031</X>
			<Roll>-14.999424934387</Roll>
			<Yaw>-3.293518781662</Yaw>
			<Pitch>-90.413803100586</Pitch>
			<Z>896.95599365234</Z>
		</PositionRotation>
		<FrozenPos>true</FrozenPos>
		<HashName>stt_prop_stunt_tube_xxs</HashName>
		<ModelHash>1125864094</ModelHash>
	</Attachment>
	<Attachment>
		<InitialHandle>135970</InitialHandle>
		<IsCollisionProof>false</IsCollisionProof>
		<PositionRotation>
			<Y>5296.3950195312</Y>
			<X>-187.72300720215</X>
			<Roll>-14.999424934387</Roll>
			<Yaw>-3.293518781662</Yaw>
			<Pitch>-90.413803100586</Pitch>
			<Z>778.72802734375</Z>
		</PositionRotation>
		<FrozenPos>true</FrozenPos>
		<HashName>stt_prop_stunt_tube_xs</HashName>
		<ModelHash>1124049486</ModelHash>
	</Attachment>
	<Attachment>
		<InitialHandle>103711</InitialHandle>
		<IsCollisionProof>false</IsCollisionProof>
		<PositionRotation>
			<Y>5480.703125</Y>
			<X>820.93499755859</X>
			<Roll>-0.0</Roll>
			<Yaw>176.60000610352</Yaw>
			<Pitch>0.0</Pitch>
			<Z>845.94598388672</Z>
		</PositionRotation>
		<FrozenPos>true</FrozenPos>
		<HashName>stt_prop_stunt_track_dwturn</HashName>
		<ModelHash>3350880217</ModelHash>
	</Attachment>
	<Attachment>
		<InitialHandle>158516</InitialHandle>
		<IsCollisionProof>false</IsCollisionProof>
		<PositionRotation>
			<Y>5273.12109375</Y>
			<X>216.71699523926</X>
			<Roll>-14.999424934387</Roll>
			<Yaw>-3.293518781662</Yaw>
			<Pitch>-90.413803100586</Pitch>
			<Z>887.27197265625</Z>
		</PositionRotation>
		<FrozenPos>true</FrozenPos>
		<HashName>stt_prop_stunt_tube_xxs</HashName>
		<ModelHash>1125864094</ModelHash>
	</Attachment>
	<Attachment>
		<InitialHandle>163879</InitialHandle>
		<IsCollisionProof>false</IsCollisionProof>
		<PositionRotation>
			<Y>5288.7309570312</Y>
			<X>-80.275001525879</X>
			<Roll>0.0</Roll>
			<Yaw>-3.4000000953674</Yaw>
			<Pitch>0.0</Pitch>
			<Z>804.81701660156</Z>
		</PositionRotation>
		<FrozenPos>true</FrozenPos>
		<HashName>stt_prop_stunt_track_cutout</HashName>
		<ModelHash>4082372712</ModelHash>
	</Attachment>
	<Attachment>
		<InitialHandle>74523</InitialHandle>
		<IsCollisionProof>false</IsCollisionProof>
		<PositionRotation>
			<Y>5359.8818359375</Y>
			<X>-75.611000061035</X>
			<Roll>-0.0</Roll>
			<Yaw>155.99899291992</Yaw>
			<Pitch>0.0</Pitch>
			<Z>854.88201904297</Z>
		</PositionRotation>
		<FrozenPos>true</FrozenPos>
		<HashName>ind_prop_firework_03</HashName>
		<ModelHash>3176209716</ModelHash>
	</Attachment>
	<Attachment>
		<InitialHandle>176166</InitialHandle>
		<IsCollisionProof>false</IsCollisionProof>
		<PositionRotation>
			<Y>5213.880859375</Y>
			<X>-84.73999786377</X>
			<Roll>-0.0</Roll>
			<Yaw>176.60000610352</Yaw>
			<Pitch>0.0</Pitch>
			<Z>804.89202880859</Z>
		</PositionRotation>
		<FrozenPos>true</FrozenPos>
		<HashName>stt_prop_stunt_track_dwlink</HashName>
		<ModelHash>100090969</ModelHash>
	</Attachment>
	<Attachment>
		<InitialHandle>126236</InitialHandle>
		<IsCollisionProof>false</IsCollisionProof>
		<PositionRotation>
			<Y>5286.50390625</Y>
			<X>-355.04699707031</X>
			<Roll>-0.0</Roll>
			<Yaw>176.60000610352</Yaw>
			<Pitch>0.0</Pitch>
			<Z>754.98199462891</Z>
		</PositionRotation>
		<FrozenPos>true</FrozenPos>
		<HashName>stt_prop_stunt_tube_crn</HashName>
		<ModelHash>3515328436</ModelHash>
	</Attachment>
	<Attachment>
		<InitialHandle>118575</InitialHandle>
		<IsCollisionProof>false</IsCollisionProof>
		<PositionRotation>
			<Y>5833.0048828125</Y>
			<X>312.0539855957</X>
			<Roll>0.0</Roll>
			<Yaw>-3.4000000953674</Yaw>
			<Pitch>0.0</Pitch>
			<Z>851.291015625</Z>
		</PositionRotation>
		<FrozenPos>true</FrozenPos>
		<HashName>stt_prop_stunt_tube_crn</HashName>
		<ModelHash>3515328436</ModelHash>
	</Attachment>
	<Attachment>
		<InitialHandle>162101</InitialHandle>
		<IsCollisionProof>false</IsCollisionProof>
		<PositionRotation>
			<Y>5625.8608398438</Y>
			<X>223.02900695801</X>
			<Roll>-0.0</Roll>
			<Yaw>-93.400001525879</Yaw>
			<Pitch>0.0</Pitch>
			<Z>845.91802978516</Z>
		</PositionRotation>
		<FrozenPos>true</FrozenPos>
		<HashName>stt_prop_stunt_track_straight</HashName>
		<ModelHash>1152255454</ModelHash>
	</Attachment>
	<Attachment>
		<InitialHandle>104240</InitialHandle>
		<IsCollisionProof>false</IsCollisionProof>
		<PositionRotation>
			<Y>4981.1811523438</Y>
			<X>-98.568000793457</X>
			<Roll>0.0</Roll>
			<Yaw>86.599998474121</Yaw>
			<Pitch>0.0</Pitch>
			<Z>754.98199462891</Z>
		</PositionRotation>
		<FrozenPos>true</FrozenPos>
		<HashName>stt_prop_stunt_tube_xxs</HashName>
		<ModelHash>1125864094</ModelHash>
	</Attachment>
	<Attachment>
		<InitialHandle>72208</InitialHandle>
		<IsCollisionProof>false</IsCollisionProof>
		<PositionRotation>
			<Y>5598.4897460938</Y>
			<X>461.92724609375</X>
			<Roll>0.0</Roll>
			<Yaw>0.0</Yaw>
			<Pitch>0.0</Pitch>
			<Z>782.03509521484</Z>
		</PositionRotation>
		<FrozenPos>true</FrozenPos>
		<HashName></HashName>
		<ModelHash>3736765343</ModelHash>
	</Attachment>
	<Attachment>
		<InitialHandle>38441</InitialHandle>
		<IsCollisionProof>false</IsCollisionProof>
		<PositionRotation>
			<Y>5830.6572265625</Y>
			<X>20.590999603271</X>
			<Roll>0.0</Roll>
			<Yaw>-3.4000000953674</Yaw>
			<Pitch>0.0</Pitch>
			<Z>851.291015625</Z>
		</PositionRotation>
		<FrozenPos>true</FrozenPos>
		<HashName>stt_prop_stunt_tube_speedb</HashName>
		<ModelHash>993442923</ModelHash>
	</Attachment>
	<Attachment>
		<InitialHandle>131867</InitialHandle>
		<IsCollisionProof>false</IsCollisionProof>
		<PositionRotation>
			<Y>5475.494140625</Y>
			<X>901.85900878906</X>
			<Roll>-0.0</Roll>
			<Yaw>-93.400001525879</Yaw>
			<Pitch>0.0</Pitch>
			<Z>845.96502685547</Z>
		</PositionRotation>
		<FrozenPos>true</FrozenPos>
		<HashName>stt_prop_stunt_track_dwturn</HashName>
		<ModelHash>3350880217</ModelHash>
	</Attachment>
	<Attachment>
		<InitialHandle>112421</InitialHandle>
		<IsCollisionProof>false</IsCollisionProof>
		<PositionRotation>
			<Y>4746.8779296875</Y>
			<X>-132.15800476074</X>
			<Roll>0.0</Roll>
			<Yaw>-3.4000000953674</Yaw>
			<Pitch>0.0</Pitch>
			<Z>754.98199462891</Z>
		</PositionRotation>
		<FrozenPos>true</FrozenPos>
		<HashName>stt_prop_stunt_tube_crn</HashName>
		<ModelHash>3515328436</ModelHash>
	</Attachment>
	<Attachment>
		<InitialHandle>156468</InitialHandle>
		<IsCollisionProof>false</IsCollisionProof>
		<PositionRotation>
			<Y>5239.41796875</Y>
			<X>555.34997558594</X>
			<Roll>0.0</Roll>
			<Yaw>-4.4000000953674</Yaw>
			<Pitch>0.0</Pitch>
			<Z>895.82702636719</Z>
		</PositionRotation>
		<FrozenPos>true</FrozenPos>
		<HashName>stt_prop_stunt_soccer_goal</HashName>
		<ModelHash>4059905279</ModelHash>
	</Attachment>
	<Attachment>
		<InitialHandle>154676</InitialHandle>
		<IsCollisionProof>false</IsCollisionProof>
		<PositionRotation>
			<Y>5404.591796875</Y>
			<X>-73.448997497559</X>
			<Roll>-0.0</Roll>
			<Yaw>176.99899291992</Yaw>
			<Pitch>0.0</Pitch>
			<Z>854.88201904297</Z>
		</PositionRotation>
		<FrozenPos>true</FrozenPos>
		<HashName>stt_prop_hoop_constraction_01a</HashName>
		<ModelHash>737590223</ModelHash>
	</Attachment>
	<Attachment>
		<InitialHandle>46877</InitialHandle>
		<IsCollisionProof>false</IsCollisionProof>
		<PositionRotation>
			<Y>5241.0981445312</Y>
			<X>462.67498779297</X>
			<Roll>0.0</Roll>
			<Yaw>-33.800998687744</Yaw>
			<Pitch>0.0</Pitch>
			<Z>895.97399902344</Z>
		</PositionRotation>
		<FrozenPos>true</FrozenPos>
		<HashName>stt_prop_track_bend_15d</HashName>
		<ModelHash>3855610836</ModelHash>
	</Attachment>
	<Attachment>
		<InitialHandle>39957</InitialHandle>
		<IsCollisionProof>false</IsCollisionProof>
		<PositionRotation>
			<Y>5275.1967773438</Y>
			<X>180.63600158691</X>
			<Roll>-14.999424934387</Roll>
			<Yaw>-3.293518781662</Yaw>
			<Pitch>-90.413803100586</Pitch>
			<Z>877.58898925781</Z>
		</PositionRotation>
		<FrozenPos>true</FrozenPos>
		<HashName>stt_prop_stunt_tube_xxs</HashName>
		<ModelHash>1125864094</ModelHash>
	</Attachment>
	<Attachment>
		<InitialHandle>138532</InitialHandle>
		<IsCollisionProof>false</IsCollisionProof>
		<PositionRotation>
			<Y>5249.3149414062</Y>
			<X>944.71099853516</X>
			<Roll>0.0</Roll>
			<Yaw>86.599998474121</Yaw>
			<Pitch>0.0</Pitch>
			<Z>853.55603027344</Z>
		</PositionRotation>
		<FrozenPos>true</FrozenPos>
		<HashName>stt_prop_stunt_track_dwuturn</HashName>
		<ModelHash>234083239</ModelHash>
	</Attachment>
	<Attachment>
		<InitialHandle>14082</InitialHandle>
		<IsCollisionProof>false</IsCollisionProof>
		<PositionRotation>
			<Y>5552.7421875</Y>
			<X>962.49102783203</X>
			<Roll>0.0</Roll>
			<Yaw>86.599998474121</Yaw>
			<Pitch>0.0</Pitch>
			<Z>845.96502685547</Z>
		</PositionRotation>
		<FrozenPos>true</FrozenPos>
		<HashName>stt_prop_stunt_track_dwturn</HashName>
		<ModelHash>3350880217</ModelHash>
	</Attachment>
	<Attachment>
		<InitialHandle>146724</InitialHandle>
		<IsCollisionProof>false</IsCollisionProof>
		<PositionRotation>
			<Y>5691.7900390625</Y>
			<X>-127.45999908447</X>
			<Roll>0.0</Roll>
			<Yaw>86.599998474121</Yaw>
			<Pitch>0.0</Pitch>
			<Z>897.60601806641</Z>
		</PositionRotation>
		<FrozenPos>true</FrozenPos>
		<HashName>stt_prop_stunt_track_uturn</HashName>
		<ModelHash>430430733</ModelHash>
	</Attachment>
	<Attachment>
		<InitialHandle>80173</InitialHandle>
		<IsCollisionProof>false</IsCollisionProof>
		<PositionRotation>
			<Y>5547.533203125</Y>
			<X>1043.416015625</X>
			<Roll>0.0</Roll>
			<Yaw>-3.4000000953674</Yaw>
			<Pitch>0.0</Pitch>
			<Z>845.94598388672</Z>
		</PositionRotation>
		<FrozenPos>true</FrozenPos>
		<HashName>stt_prop_stunt_track_dwturn</HashName>
		<ModelHash>3350880217</ModelHash>
	</Attachment>
	<Attachment>
		<InitialHandle>39721</InitialHandle>
		<IsCollisionProof>false</IsCollisionProof>
		<PositionRotation>
			<Y>5114.0390625</Y>
			<X>946.40399169922</X>
			<Roll>-0.0</Roll>
			<Yaw>-93.400001525879</Yaw>
			<Pitch>0.0</Pitch>
			<Z>845.95599365234</Z>
		</PositionRotation>
		<FrozenPos>true</FrozenPos>
		<HashName>stt_prop_stunt_track_dwlink</HashName>
		<ModelHash>100090969</ModelHash>
	</Attachment>
	<Attachment>
		<InitialHandle>85014</InitialHandle>
		<IsCollisionProof>false</IsCollisionProof>
		<PositionRotation>
			<Y>5294.3862304688</Y>
			<X>-152.80799865723</X>
			<Roll>-14.999424934387</Roll>
			<Yaw>-3.293518781662</Yaw>
			<Pitch>-90.413803100586</Pitch>
			<Z>788.09899902344</Z>
		</PositionRotation>
		<FrozenPos>true</FrozenPos>
		<HashName>stt_prop_stunt_tube_speedb</HashName>
		<ModelHash>993442923</ModelHash>
	</Attachment>
	<Attachment>
		<InitialHandle>137485</InitialHandle>
		<IsCollisionProof>false</IsCollisionProof>
		<PositionRotation>
			<Y>5117.615234375</Y>
			<X>886.54602050781</X>
			<Roll>0.0</Roll>
			<Yaw>86.599998474121</Yaw>
			<Pitch>0.0</Pitch>
			<Z>845.95599365234</Z>
		</PositionRotation>
		<FrozenPos>true</FrozenPos>
		<HashName>stt_prop_stunt_track_dwlink</HashName>
		<ModelHash>100090969</ModelHash>
	</Attachment>
	<Attachment>
		<InitialHandle>19995</InitialHandle>
		<IsCollisionProof>false</IsCollisionProof>
		<PositionRotation>
			<Y>5713.2241210938</Y>
			<X>599.22698974609</X>
			<Roll>0.0</Roll>
			<Yaw>-3.4000000953674</Yaw>
			<Pitch>0.0</Pitch>
			<Z>851.291015625</Z>
		</PositionRotation>
		<FrozenPos>true</FrozenPos>
		<HashName>stt_prop_stunt_tube_crn</HashName>
		<ModelHash>3515328436</ModelHash>
	</Attachment>
	<Attachment>
		<InitialHandle>105259</InitialHandle>
		<IsCollisionProof>false</IsCollisionProof>
		<PositionRotation>
			<Y>5482.6982421875</Y>
			<X>-68.76000213623</X>
			<Roll>-0.0</Roll>
			<Yaw>-93.599998474121</Yaw>
			<Pitch>0.0</Pitch>
			<Z>839.22698974609</Z>
		</PositionRotation>
		<FrozenPos>true</FrozenPos>
		<HashName>stt_prop_track_speedup_t2</HashName>
		<ModelHash>4228722453</ModelHash>
	</Attachment>
	<Attachment>
		<InitialHandle>21292</InitialHandle>
		<IsCollisionProof>false</IsCollisionProof>
		<PositionRotation>
			<Y>5120.17578125</Y>
			<X>841.63500976562</X>
			<Roll>-0.0</Roll>
			<Yaw>-93.400001525879</Yaw>
			<Pitch>0.0</Pitch>
			<Z>845.95697021484</Z>
		</PositionRotation>
		<FrozenPos>true</FrozenPos>
		<HashName>stt_prop_stunt_track_dwshort</HashName>
		<ModelHash>121220643</ModelHash>
	</Attachment>
	<Attachment>
		<InitialHandle>125992</InitialHandle>
		<IsCollisionProof>false</IsCollisionProof>
		<PositionRotation>
			<Y>5274.1591796875</Y>
			<X>198.67599487305</X>
			<Roll>-14.999424934387</Roll>
			<Yaw>-3.293518781662</Yaw>
			<Pitch>-90.413803100586</Pitch>
			<Z>882.43103027344</Z>
		</PositionRotation>
		<FrozenPos>true</FrozenPos>
		<HashName>stt_prop_stunt_tube_speedb</HashName>
		<ModelHash>993442923</ModelHash>
	</Attachment>
	<Attachment>
		<InitialHandle>132102</InitialHandle>
		<IsCollisionProof>false</IsCollisionProof>
		<PositionRotation>
			<Y>5258.2177734375</Y>
			<X>423.55700683594</X>
			<Roll>-0.0</Roll>
			<Yaw>-94.291999816895</Yaw>
			<Pitch>0.0</Pitch>
			<Z>900.77502441406</Z>
		</PositionRotation>
		<FrozenPos>true</FrozenPos>
		<HashName>ind_prop_firework_03</HashName>
		<ModelHash>3176209716</ModelHash>
	</Attachment>
	<Attachment>
		<InitialHandle>148270</InitialHandle>
		<IsCollisionProof>false</IsCollisionProof>
		<PositionRotation>
			<Y>5717.1967773438</Y>
			<X>203.37800598145</X>
			<Roll>-0.0</Roll>
			<Yaw>-93.400001525879</Yaw>
			<Pitch>0.0</Pitch>
			<Z>789.36901855469</Z>
		</PositionRotation>
		<FrozenPos>true</FrozenPos>
		<HashName>stt_prop_stunt_track_dwshort</HashName>
		<ModelHash>121220643</ModelHash>
	</Attachment>
	<Attachment>
		<InitialHandle>42017</InitialHandle>
		<IsCollisionProof>false</IsCollisionProof>
		<PositionRotation>
			<Y>5035.9990234375</Y>
			<X>-95.311996459961</X>
			<Roll>3.4150950796175e-06</Roll>
			<Yaw>86.600006103516</Yaw>
			<Pitch>-134.89999389648</Pitch>
			<Z>754.98199462891</Z>
		</PositionRotation>
		<FrozenPos>true</FrozenPos>
		<HashName>stt_prop_stunt_tube_gap_03</HashName>
		<ModelHash>2632057846</ModelHash>
	</Attachment>
	<Attachment>
		<InitialHandle>21781</InitialHandle>
		<IsCollisionProof>false</IsCollisionProof>
		<PositionRotation>
			<Y>5715.4130859375</Y>
			<X>233.32499694824</X>
			<Roll>0.0</Roll>
			<Yaw>86.599998474121</Yaw>
			<Pitch>0.0</Pitch>
			<Z>789.36901855469</Z>
		</PositionRotation>
		<FrozenPos>true</FrozenPos>
		<HashName>stt_prop_stunt_track_dwshort</HashName>
		<ModelHash>121220643</ModelHash>
	</Attachment>
	<Attachment>
		<InitialHandle>117280</InitialHandle>
		<IsCollisionProof>false</IsCollisionProof>
		<PositionRotation>
			<Y>5204.0952148438</Y>
			<X>535.84197998047</X>
			<Roll>0.0</Roll>
			<Yaw>-33.800998687744</Yaw>
			<Pitch>0.0</Pitch>
			<Z>895.97399902344</Z>
		</PositionRotation>
		<FrozenPos>true</FrozenPos>
		<HashName>stt_prop_track_straight_s</HashName>
		<ModelHash>2665635759</ModelHash>
	</Attachment>
	<Attachment>
		<InitialHandle>118325</InitialHandle>
		<IsCollisionProof>false</IsCollisionProof>
		<PositionRotation>
			<Y>5272.0830078125</Y>
			<X>234.75700378418</X>
			<Roll>-14.999424934387</Roll>
			<Yaw>-3.293518781662</Yaw>
			<Pitch>-90.413803100586</Pitch>
			<Z>892.11401367188</Z>
		</PositionRotation>
		<FrozenPos>true</FrozenPos>
		<HashName>stt_prop_stunt_tube_speedb</HashName>
		<ModelHash>993442923</ModelHash>
	</Attachment>
	<Attachment>
		<InitialHandle>111659</InitialHandle>
		<IsCollisionProof>false</IsCollisionProof>
		<PositionRotation>
			<Y>5292.3759765625</Y>
			<X>-117.8929977417</X>
			<Roll>-14.999424934387</Roll>
			<Yaw>-3.293518781662</Yaw>
			<Pitch>-90.413803100586</Pitch>
			<Z>797.46899414062</Z>
		</PositionRotation>
		<FrozenPos>true</FrozenPos>
		<HashName>stt_prop_stunt_tube_xs</HashName>
		<ModelHash>1124049486</ModelHash>
	</Attachment>
	<Attachment>
		<InitialHandle>44563</InitialHandle>
		<IsCollisionProof>false</IsCollisionProof>
		<PositionRotation>
			<Y>5505.6069335938</Y>
			<X>502.51507568359</X>
			<Roll>0.0</Roll>
			<Yaw>0.0</Yaw>
			<Pitch>0.0</Pitch>
			<Z>774.65130615234</Z>
		</PositionRotation>
		<FrozenPos>true</FrozenPos>
		<HashName></HashName>
		<ModelHash>3144225083</ModelHash>
	</Attachment>
	<Attachment>
		<InitialHandle>123444</InitialHandle>
		<IsCollisionProof>false</IsCollisionProof>
		<PositionRotation>
			<Y>5385.49609375</Y>
			<X>1061.3979492188</X>
			<Roll>-0.0</Roll>
			<Yaw>176.60000610352</Yaw>
			<Pitch>0.0</Pitch>
			<Z>845.97497558594</Z>
		</PositionRotation>
		<FrozenPos>true</FrozenPos>
		<HashName>stt_prop_stunt_track_dwlink</HashName>
		<ModelHash>100090969</ModelHash>
	</Attachment>
	<Attachment>
		<InitialHandle>173353</InitialHandle>
		<IsCollisionProof>false</IsCollisionProof>
		<PositionRotation>
			<Y>5094.6938476562</Y>
			<X>-91.978996276855</X>
			<Roll>-41.200000762939</Roll>
			<Yaw>86.599998474121</Yaw>
			<Pitch>-1.4183888197294e-07</Pitch>
			<Z>797.37799072266</Z>
		</PositionRotation>
		<FrozenPos>true</FrozenPos>
		<HashName>stt_prop_track_straight_lm</HashName>
		<ModelHash>4286165777</ModelHash>
	</Attachment>
	<Attachment>
		<InitialHandle>132639</InitialHandle>
		<IsCollisionProof>false</IsCollisionProof>
		<PositionRotation>
			<Y>5567.87109375</Y>
			<X>1008.3140258789</X>
			<Roll>0.0</Roll>
			<Yaw>89.198997497559</Yaw>
			<Pitch>0.0</Pitch>
			<Z>895.97601318359</Z>
		</PositionRotation>
		<FrozenPos>true</FrozenPos>
		<HashName>prop_bench_05</HashName>
		<ModelHash>2663909392</ModelHash>
	</Attachment>
	<Attachment>
		<InitialHandle>98609</InitialHandle>
		<IsCollisionProof>false</IsCollisionProof>
		<PositionRotation>
			<Y>5642.7797851562</Y>
			<X>-61.467998504639</X>
			<Roll>0.0</Roll>
			<Yaw>86.599998474121</Yaw>
			<Pitch>0.0</Pitch>
			<Z>845.91998291016</Z>
		</PositionRotation>
		<FrozenPos>true</FrozenPos>
		<HashName>stt_prop_stunt_track_cutout</HashName>
		<ModelHash>4082372712</ModelHash>
	</Attachment>
	<Attachment>
		<InitialHandle>108830</InitialHandle>
		<IsCollisionProof>false</IsCollisionProof>
		<PositionRotation>
			<Y>5276.2348632812</Y>
			<X>162.59599304199</X>
			<Roll>-14.999424934387</Roll>
			<Yaw>-3.293518781662</Yaw>
			<Pitch>-90.413803100586</Pitch>
			<Z>872.74700927734</Z>
		</PositionRotation>
		<FrozenPos>true</FrozenPos>
		<HashName>stt_prop_stunt_tube_speedb</HashName>
		<ModelHash>993442923</ModelHash>
	</Attachment>
	<Attachment>
		<InitialHandle>52796</InitialHandle>
		<IsCollisionProof>false</IsCollisionProof>
		<PositionRotation>
			<Y>5620.5390625</Y>
			<X>312.87200927734</X>
			<Roll>0.0</Roll>
			<Yaw>86.599998474121</Yaw>
			<Pitch>0.0</Pitch>
			<Z>845.91802978516</Z>
		</PositionRotation>
		<FrozenPos>true</FrozenPos>
		<HashName>stt_prop_stunt_track_straight</HashName>
		<ModelHash>1152255454</ModelHash>
	</Attachment>
	<Attachment>
		<InitialHandle>146220</InitialHandle>
		<IsCollisionProof>false</IsCollisionProof>
		<PositionRotation>
			<Y>5901.4267578125</Y>
			<X>440.39300537109</X>
			<Roll>-0.0</Roll>
			<Yaw>-98.400001525879</Yaw>
			<Pitch>0.0</Pitch>
			<Z>851.291015625</Z>
		</PositionRotation>
		<FrozenPos>true</FrozenPos>
		<HashName>stt_prop_stunt_tube_crn_5d</HashName>
		<ModelHash>1337911167</ModelHash>
	</Attachment>
	<Attachment>
		<InitialHandle>38683</InitialHandle>
		<IsCollisionProof>false</IsCollisionProof>
		<PositionRotation>
			<Y>5713.6337890625</Y>
			<X>263.27200317383</X>
			<Roll>0.0</Roll>
			<Yaw>86.599998474121</Yaw>
			<Pitch>0.0</Pitch>
			<Z>789.36901855469</Z>
		</PositionRotation>
		<FrozenPos>true</FrozenPos>
		<HashName>stt_prop_stunt_track_dwshort</HashName>
		<ModelHash>121220643</ModelHash>
	</Attachment>
	<Attachment>
		<InitialHandle>95537</InitialHandle>
		<IsCollisionProof>false</IsCollisionProof>
		<PositionRotation>
			<Y>5606.6948242188</Y>
			<X>544.958984375</X>
			<Roll>0.0</Roll>
			<Yaw>86.599998474121</Yaw>
			<Pitch>0.0</Pitch>
			<Z>845.99298095703</Z>
		</PositionRotation>
		<FrozenPos>true</FrozenPos>
		<HashName>stt_prop_stunt_track_st_01</HashName>
		<ModelHash>2024280490</ModelHash>
	</Attachment>
	<Attachment>
		<InitialHandle>78636</InitialHandle>
		<IsCollisionProof>false</IsCollisionProof>
		<PositionRotation>
			<Y>5290.3671875</Y>
			<X>-82.976997375488</X>
			<Roll>-14.999424934387</Roll>
			<Yaw>-3.293518781662</Yaw>
			<Pitch>-90.413803100586</Pitch>
			<Z>806.84002685547</Z>
		</PositionRotation>
		<FrozenPos>true</FrozenPos>
		<HashName>stt_prop_stunt_tube_speedb</HashName>
		<ModelHash>993442923</ModelHash>
	</Attachment>
	<Attachment>
		<InitialHandle>22554</InitialHandle>
		<IsCollisionProof>false</IsCollisionProof>
		<PositionRotation>
			<Y>5420.5122070312</Y>
			<X>-72.664001464844</X>
			<Roll>0.0</Roll>
			<Yaw>87.633003234863</Yaw>
			<Pitch>0.0</Pitch>
			<Z>855.06097412109</Z>
		</PositionRotation>
		<FrozenPos>true</FrozenPos>
		<HashName>stt_prop_race_tannoy</HashName>
		<ModelHash>2560296034</ModelHash>
	</Attachment>
	<Attachment>
		<InitialHandle>32564</InitialHandle>
		<IsCollisionProof>false</IsCollisionProof>
		<PositionRotation>
			<Y>5634.7919921875</Y>
			<X>-40.756999969482</X>
			<Roll>5.7898459434509</Roll>
			<Yaw>90.760391235352</Yaw>
			<Pitch>0.42014336585999</Pitch>
			<Z>896.03997802734</Z>
		</PositionRotation>
		<FrozenPos>true</FrozenPos>
		<HashName>stt_prop_corner_sign_09</HashName>
		<ModelHash>3613555651</ModelHash>
	</Attachment>
	<Attachment>
		<InitialHandle>13827</InitialHandle>
		<IsCollisionProof>false</IsCollisionProof>
		<PositionRotation>
			<Y>5258.21484375</Y>
			<X>423.60000610352</X>
			<Roll>-0.0</Roll>
			<Yaw>-94.291999816895</Yaw>
			<Pitch>0.0</Pitch>
			<Z>900.77502441406</Z>
		</PositionRotation>
		<FrozenPos>true</FrozenPos>
		<HashName>ind_prop_firework_03</HashName>
		<ModelHash>3176209716</ModelHash>
	</Attachment>
	<Attachment>
		<InitialHandle>48433</InitialHandle>
		<IsCollisionProof>false</IsCollisionProof>
		<PositionRotation>
			<Y>5281.2919921875</Y>
			<X>74.724998474121</X>
			<Roll>-14.999424934387</Roll>
			<Yaw>-3.293518781662</Yaw>
			<Pitch>-90.413803100586</Pitch>
			<Z>849.16400146484</Z>
		</PositionRotation>
		<FrozenPos>true</FrozenPos>
		<HashName>stt_prop_stunt_tube_speedb</HashName>
		<ModelHash>993442923</ModelHash>
	</Attachment>
	<Attachment>
		<InitialHandle>91167</InitialHandle>
		<IsCollisionProof>false</IsCollisionProof>
		<PositionRotation>
			<Y>5727.19921875</Y>
			<X>35.723999023438</X>
			<Roll>-0.0</Roll>
			<Yaw>175.79699707031</Yaw>
			<Pitch>0.0</Pitch>
			<Z>895.98498535156</Z>
		</PositionRotation>
		<FrozenPos>true</FrozenPos>
		<HashName>ind_prop_firework_03</HashName>
		<ModelHash>3176209716</ModelHash>
	</Attachment>
	<Attachment>
		<InitialHandle>59948</InitialHandle>
		<IsCollisionProof>false</IsCollisionProof>
		<PositionRotation>
			<Y>5316.9409179688</Y>
			<X>1029.3029785156</X>
			<Roll>-0.0</Roll>
			<Yaw>-93.400001525879</Yaw>
			<Pitch>0.0</Pitch>
			<Z>845.92700195312</Z>
		</PositionRotation>
		<FrozenPos>true</FrozenPos>
		<HashName>stt_prop_stunt_track_dwturn</HashName>
		<ModelHash>3350880217</ModelHash>
	</Attachment>
	<Attachment>
		<InitialHandle>111129</InitialHandle>
		<IsCollisionProof>false</IsCollisionProof>
		<PositionRotation>
			<Y>5154.7788085938</Y>
			<X>1018.6270141602</X>
			<Roll>-0.0</Roll>
			<Yaw>-93.400001525879</Yaw>
			<Pitch>0.0</Pitch>
			<Z>853.55603027344</Z>
		</PositionRotation>
		<FrozenPos>true</FrozenPos>
		<HashName>stt_prop_stunt_track_dwuturn</HashName>
		<ModelHash>234083239</ModelHash>
	</Attachment>
	<Attachment>
		<InitialHandle>84021</InitialHandle>
		<IsCollisionProof>false</IsCollisionProof>
		<PositionRotation>
			<Y>5189.4350585938</Y>
			<X>567.11901855469</X>
			<Roll>0.0</Roll>
			<Yaw>-33.800998687744</Yaw>
			<Pitch>0.0</Pitch>
			<Z>895.97399902344</Z>
		</PositionRotation>
		<FrozenPos>true</FrozenPos>
		<HashName>stt_prop_track_bend_30d</HashName>
		<ModelHash>2077585881</ModelHash>
	</Attachment>
	<Attachment>
		<InitialHandle>177449</InitialHandle>
		<IsCollisionProof>false</IsCollisionProof>
		<PositionRotation>
			<Y>5460.201171875</Y>
			<X>862.625</X>
			<Roll>0.0</Roll>
			<Yaw>89.198997497559</Yaw>
			<Pitch>0.0</Pitch>
			<Z>895.99597167969</Z>
		</PositionRotation>
		<FrozenPos>true</FrozenPos>
		<HashName>prop_bench_05</HashName>
		<ModelHash>2663909392</ModelHash>
	</Attachment>
	<Attachment>
		<InitialHandle>167732</InitialHandle>
		<IsCollisionProof>false</IsCollisionProof>
		<PositionRotation>
			<Y>5615.1821289062</Y>
			<X>402.71200561523</X>
			<Roll>-0.0</Roll>
			<Yaw>-93.400001525879</Yaw>
			<Pitch>0.0</Pitch>
			<Z>845.91900634766</Z>
		</PositionRotation>
		<FrozenPos>true</FrozenPos>
		<HashName>stt_prop_stunt_track_otake</HashName>
		<ModelHash>77593408</ModelHash>
	</Attachment>
	<Attachment>
		<InitialHandle>69676</InitialHandle>
		<IsCollisionProof>false</IsCollisionProof>
		<PositionRotation>
			<Y>5732.6298828125</Y>
			<X>-56.129001617432</X>
			<Roll>0.0</Roll>
			<Yaw>86.599998474121</Yaw>
			<Pitch>0.0</Pitch>
			<Z>845.91998291016</Z>
		</PositionRotation>
		<FrozenPos>true</FrozenPos>
		<HashName>stt_prop_stunt_track_cutout</HashName>
		<ModelHash>4082372712</ModelHash>
	</Attachment>
	<Attachment>
		<InitialHandle>65080</InitialHandle>
		<IsCollisionProof>false</IsCollisionProof>
		<PositionRotation>
			<Y>5189.6098632812</Y>
			<X>-79.689002990723</X>
			<Roll>0.0</Roll>
			<Yaw>86.800003051758</Yaw>
			<Pitch>0.0</Pitch>
			<Z>854.85601806641</Z>
		</PositionRotation>
		<FrozenPos>true</FrozenPos>
		<HashName>stt_prop_track_slowdown_t1</HashName>
		<ModelHash>1431235846</ModelHash>
	</Attachment>
	<Attachment>
		<InitialHandle>57144</InitialHandle>
		<IsCollisionProof>false</IsCollisionProof>
		<PositionRotation>
			<Y>5214.8349609375</Y>
			<X>548.97998046875</X>
			<Roll>-0.17299975454807</Roll>
			<Yaw>117.19969177246</Yaw>
			<Pitch>0.10000047087669</Pitch>
			<Z>895.91302490234</Z>
		</PositionRotation>
		<FrozenPos>true</FrozenPos>
		<HashName>stt_prop_track_bend_30d</HashName>
		<ModelHash>2077585881</ModelHash>
	</Attachment>
	<Attachment>
		<InitialHandle>157225</InitialHandle>
		<IsCollisionProof>false</IsCollisionProof>
		<PositionRotation>
			<Y>5738.9838867188</Y>
			<X>-47.474998474121</X>
			<Roll>0.0</Roll>
			<Yaw>81.599998474121</Yaw>
			<Pitch>0.0</Pitch>
			<Z>851.291015625</Z>
		</PositionRotation>
		<FrozenPos>true</FrozenPos>
		<HashName>stt_prop_stunt_tube_crn_5d</HashName>
		<ModelHash>1337911167</ModelHash>
	</Attachment>
	<Attachment>
		<InitialHandle>76318</InitialHandle>
		<IsCollisionProof>false</IsCollisionProof>
		<PositionRotation>
			<Y>5634.3081054688</Y>
			<X>80.779998779297</X>
			<Roll>-0.0</Roll>
			<Yaw>-93.400001525879</Yaw>
			<Pitch>0.0</Pitch>
			<Z>845.99298095703</Z>
		</PositionRotation>
		<FrozenPos>true</FrozenPos>
		<HashName>stt_prop_stunt_track_funlng</HashName>
		<ModelHash>2964948676</ModelHash>
	</Attachment>
	<Attachment>
		<InitialHandle>166956</InitialHandle>
		<IsCollisionProof>false</IsCollisionProof>
		<PositionRotation>
			<Y>5731.7060546875</Y>
			<X>-47.542999267578</X>
			<Roll>-0.0</Roll>
			<Yaw>-93.801002502441</Yaw>
			<Pitch>0.0</Pitch>
			<Z>895.92999267578</Z>
		</PositionRotation>
		<FrozenPos>true</FrozenPos>
		<HashName>stt_prop_speakerstack_01a</HashName>
		<ModelHash>2612158703</ModelHash>
	</Attachment>
	<Attachment>
		<InitialHandle>30241</InitialHandle>
		<IsCollisionProof>false</IsCollisionProof>
		<PositionRotation>
			<Y>5727.1982421875</Y>
			<X>35.792999267578</X>
			<Roll>-0.0</Roll>
			<Yaw>175.79699707031</Yaw>
			<Pitch>0.0</Pitch>
			<Z>895.98498535156</Z>
		</PositionRotation>
		<FrozenPos>true</FrozenPos>
		<HashName>ind_prop_firework_03</HashName>
		<ModelHash>3176209716</ModelHash>
	</Attachment>
	<Attachment>
		<InitialHandle>50460</InitialHandle>
		<IsCollisionProof>false</IsCollisionProof>
		<PositionRotation>
			<Y>5288.3579101562</Y>
			<X>-48.062000274658</X>
			<Roll>-14.999424934387</Roll>
			<Yaw>-3.293518781662</Yaw>
			<Pitch>-90.413803100586</Pitch>
			<Z>816.21099853516</Z>
		</PositionRotation>
		<FrozenPos>true</FrozenPos>
		<HashName>stt_prop_stunt_tube_xs</HashName>
		<ModelHash>1124049486</ModelHash>
	</Attachment>
	<Attachment>
		<InitialHandle>12804</InitialHandle>
		<IsCollisionProof>false</IsCollisionProof>
		<PositionRotation>
			<Y>5258.2177734375</Y>
			<X>423.55700683594</X>
			<Roll>-0.0</Roll>
			<Yaw>-94.291999816895</Yaw>
			<Pitch>0.0</Pitch>
			<Z>900.77502441406</Z>
		</PositionRotation>
		<FrozenPos>true</FrozenPos>
		<HashName>ind_prop_firework_03</HashName>
		<ModelHash>3176209716</ModelHash>
	</Attachment>
	<Attachment>
		<InitialHandle>16903</InitialHandle>
		<IsCollisionProof>false</IsCollisionProof>
		<PositionRotation>
			<Y>5706.1889648438</Y>
			<X>387.28500366211</X>
			<Roll>-0.0</Roll>
			<Yaw>-93.49299621582</Yaw>
			<Pitch>0.0</Pitch>
			<Z>860.70397949219</Z>
		</PositionRotation>
		<FrozenPos>true</FrozenPos>
		<HashName>stt_prop_speakerstack_01a</HashName>
		<ModelHash>2612158703</ModelHash>
	</Attachment>
	<Attachment>
		<InitialHandle>140076</InitialHandle>
		<IsCollisionProof>false</IsCollisionProof>
		<PositionRotation>
			<Y>5588.9379882812</Y>
			<X>-62.338001251221</X>
			<Roll>0.0</Roll>
			<Yaw>86.599998474121</Yaw>
			<Pitch>0.0</Pitch>
			<Z>801.291015625</Z>
		</PositionRotation>
		<FrozenPos>true</FrozenPos>
		<HashName>stt_prop_track_tube_02</HashName>
		<ModelHash>2472074582</ModelHash>
	</Attachment>
	<Attachment>
		<InitialHandle>28440</InitialHandle>
		<IsCollisionProof>false</IsCollisionProof>
		<PositionRotation>
			<Y>5358.1791992188</Y>
			<X>-75.796997070312</X>
			<Roll>-0.0</Roll>
			<Yaw>178.0</Yaw>
			<Pitch>0.0</Pitch>
			<Z>876.29602050781</Z>
		</PositionRotation>
		<FrozenPos>true</FrozenPos>
		<HashName>stt_prop_hoop_constraction_01a</HashName>
		<ModelHash>737590223</ModelHash>
	</Attachment>
	<Attachment>
		<InitialHandle>113961</InitialHandle>
		<IsCollisionProof>false</IsCollisionProof>
		<PositionRotation>
			<Y>5286.3491210938</Y>
			<X>-13.145999908447</X>
			<Roll>-14.999424934387</Roll>
			<Yaw>-3.293518781662</Yaw>
			<Pitch>-90.413803100586</Pitch>
			<Z>825.58099365234</Z>
		</PositionRotation>
		<FrozenPos>true</FrozenPos>
		<HashName>stt_prop_stunt_tube_speedb</HashName>
		<ModelHash>993442923</ModelHash>
	</Attachment>
	<Attachment>
		<InitialHandle>88885</InitialHandle>
		<IsCollisionProof>false</IsCollisionProof>
		<PositionRotation>
			<Y>5260.4741210938</Y>
			<X>395.42599487305</X>
			<Roll>0.0</Roll>
			<Yaw>84.998001098633</Yaw>
			<Pitch>0.0</Pitch>
			<Z>882.48400878906</Z>
		</PositionRotation>
		<FrozenPos>true</FrozenPos>
		<HashName>stt_prop_hoop_constraction_01a</HashName>
		<ModelHash>737590223</ModelHash>
	</Attachment>
	<Attachment>
		<InitialHandle>32040</InitialHandle>
		<IsCollisionProof>false</IsCollisionProof>
		<PositionRotation>
			<Y>5270.0068359375</Y>
			<X>270.83801269531</X>
			<Roll>-14.999424934387</Roll>
			<Yaw>-3.293518781662</Yaw>
			<Pitch>-90.413803100586</Pitch>
			<Z>901.79699707031</Z>
		</PositionRotation>
		<FrozenPos>true</FrozenPos>
		<HashName>stt_prop_stunt_tube_speedb</HashName>
		<ModelHash>993442923</ModelHash>
	</Attachment>
	<Attachment>
		<InitialHandle>171798</InitialHandle>
		<IsCollisionProof>false</IsCollisionProof>
		<PositionRotation>
			<Y>5732.4501953125</Y>
			<X>-54.930999755859</X>
			<Roll>-0.0</Roll>
			<Yaw>177.59700012207</Yaw>
			<Pitch>0.0</Pitch>
			<Z>896.16497802734</Z>
		</PositionRotation>
		<FrozenPos>true</FrozenPos>
		<HashName>stt_prop_race_tannoy</HashName>
		<ModelHash>2560296034</ModelHash>
	</Attachment>
	<Attachment>
		<InitialHandle>71223</InitialHandle>
		<IsCollisionProof>true</IsCollisionProof>
		<PositionRotation>
			<Y>5699.2421875</Y>
			<X>503.53601074219</X>
			<Roll>0.0</Roll>
			<Yaw>-3.4000000953674</Yaw>
			<Pitch>0.0</Pitch>
			<Z>851.291015625</Z>
		</PositionRotation>
		<FrozenPos>true</FrozenPos>
		<HashName>ba_prop_battle_tube_fn_02</HashName>
		<ModelHash>2944280070</ModelHash>
	</Attachment>
	<Attachment>
		<InitialHandle>37136</InitialHandle>
		<IsCollisionProof>false</IsCollisionProof>
		<PositionRotation>
			<Y>5696.0561523438</Y>
			<X>557.14697265625</X>
			<Roll>0.0</Roll>
			<Yaw>-3.4000000953674</Yaw>
			<Pitch>0.0</Pitch>
			<Z>851.291015625</Z>
		</PositionRotation>
		<FrozenPos>true</FrozenPos>
		<HashName>stt_prop_stunt_tube_speedb</HashName>
		<ModelHash>993442923</ModelHash>
	</Attachment>
	<Attachment>
		<InitialHandle>28714</InitialHandle>
		<IsCollisionProof>false</IsCollisionProof>
		<PositionRotation>
			<Y>5249.87109375</Y>
			<X>-82.569000244141</X>
			<Roll>-0.0</Roll>
			<Yaw>-93.800003051758</Yaw>
			<Pitch>0.0</Pitch>
			<Z>854.7509765625</Z>
		</PositionRotation>
		<FrozenPos>true</FrozenPos>
		<HashName>stt_prop_track_speedup_t2</HashName>
		<ModelHash>4228722453</ModelHash>
	</Attachment>
	<Attachment>
		<InitialHandle>171059</InitialHandle>
		<IsCollisionProof>false</IsCollisionProof>
		<PositionRotation>
			<Y>5266.7670898438</Y>
			<X>322.62600708008</X>
			<Roll>0.0</Roll>
			<Yaw>86.998001098633</Yaw>
			<Pitch>0.0</Pitch>
			<Z>883.82501220703</Z>
		</PositionRotation>
		<FrozenPos>true</FrozenPos>
		<HashName>stt_prop_hoop_constraction_01a</HashName>
		<ModelHash>737590223</ModelHash>
	</Attachment>
	<Attachment>
		<InitialHandle>46378</InitialHandle>
		<IsCollisionProof>false</IsCollisionProof>
		<PositionRotation>
			<Y>5047.0</Y>
			<X>-94.859001159668</X>
			<Roll>-17.200000762939</Roll>
			<Yaw>86.599998474121</Yaw>
			<Pitch>0.0</Pitch>
			<Z>760.30798339844</Z>
		</PositionRotation>
		<FrozenPos>true</FrozenPos>
		<HashName>stt_prop_track_straight_s</HashName>
		<ModelHash>2665635759</ModelHash>
	</Attachment>
	<Attachment>
		<InitialHandle>142891</InitialHandle>
		<IsCollisionProof>false</IsCollisionProof>
		<PositionRotation>
			<Y>4923.33984375</Y>
			<X>-224.3869934082</X>
			<Roll>0.0</Roll>
			<Yaw>86.599998474121</Yaw>
			<Pitch>0.0</Pitch>
			<Z>754.98199462891</Z>
		</PositionRotation>
		<FrozenPos>true</FrozenPos>
		<HashName>stt_prop_stunt_tube_crn</HashName>
		<ModelHash>3515328436</ModelHash>
	</Attachment>
	<Attachment>
		<InitialHandle>73778</InitialHandle>
		<IsCollisionProof>true</IsCollisionProof>
		<PositionRotation>
			<Y>5147.0419921875</Y>
			<X>-383.01998901367</X>
			<Roll>0.0</Roll>
			<Yaw>86.599998474121</Yaw>
			<Pitch>0.0</Pitch>
			<Z>755.00201416016</Z>
		</PositionRotation>
		<FrozenPos>true</FrozenPos>
		<HashName>ba_prop_battle_tube_fn_01</HashName>
		<ModelHash>1334699559</ModelHash>
	</Attachment>
	<Attachment>
		<InitialHandle>70946</InitialHandle>
		<IsCollisionProof>false</IsCollisionProof>
		<PositionRotation>
			<Y>5284.3388671875</Y>
			<X>21.768999099731</X>
			<Roll>-14.999424934387</Roll>
			<Yaw>-3.293518781662</Yaw>
			<Pitch>-90.413803100586</Pitch>
			<Z>834.95202636719</Z>
		</PositionRotation>
		<FrozenPos>true</FrozenPos>
		<HashName>stt_prop_stunt_tube_xs</HashName>
		<ModelHash>1124049486</ModelHash>
	</Attachment>
	<Attachment>
		<InitialHandle>23341</InitialHandle>
		<IsCollisionProof>false</IsCollisionProof>
		<PositionRotation>
			<Y>5816.875</Y>
			<X>252.5059967041</X>
			<Roll>-0.0</Roll>
			<Yaw>176.60000610352</Yaw>
			<Pitch>0.0</Pitch>
			<Z>851.291015625</Z>
		</PositionRotation>
		<FrozenPos>true</FrozenPos>
		<HashName>stt_prop_stunt_tube_gap_01</HashName>
		<ModelHash>2287098595</ModelHash>
	</Attachment>
	<Attachment>
		<InitialHandle>101928</InitialHandle>
		<IsCollisionProof>false</IsCollisionProof>
		<PositionRotation>
			<Y>5282.330078125</Y>
			<X>56.68399810791</X>
			<Roll>-14.999424934387</Roll>
			<Yaw>-3.293518781662</Yaw>
			<Pitch>-90.413803100586</Pitch>
			<Z>844.32299804688</Z>
		</PositionRotation>
		<FrozenPos>true</FrozenPos>
		<HashName>stt_prop_stunt_tube_speedb</HashName>
		<ModelHash>993442923</ModelHash>
	</Attachment>
	<Attachment>
		<InitialHandle>99123</InitialHandle>
		<IsCollisionProof>false</IsCollisionProof>
		<PositionRotation>
			<Y>5776.3798828125</Y>
			<X>602.97998046875</X>
			<Roll>0.0</Roll>
			<Yaw>86.599998474121</Yaw>
			<Pitch>0.0</Pitch>
			<Z>851.291015625</Z>
		</PositionRotation>
		<FrozenPos>true</FrozenPos>
		<HashName>stt_prop_stunt_tube_crn</HashName>
		<ModelHash>3515328436</ModelHash>
	</Attachment>
	<Attachment>
		<InitialHandle>171305</InitialHandle>
		<IsCollisionProof>false</IsCollisionProof>
		<PositionRotation>
			<Y>5980.7099609375</Y>
			<X>430.30099487305</X>
			<Roll>0.0</Roll>
			<Yaw>81.599998474121</Yaw>
			<Pitch>0.0</Pitch>
			<Z>851.291015625</Z>
		</PositionRotation>
		<FrozenPos>true</FrozenPos>
		<HashName>stt_prop_stunt_tube_crn</HashName>
		<ModelHash>3515328436</ModelHash>
	</Attachment>
	<Attachment>
		<InitialHandle>93487</InitialHandle>
		<IsCollisionProof>false</IsCollisionProof>
		<PositionRotation>
			<Y>5989.953125</Y>
			<X>367.71301269531</X>
			<Roll>-0.0</Roll>
			<Yaw>171.60000610352</Yaw>
			<Pitch>0.0</Pitch>
			<Z>851.291015625</Z>
		</PositionRotation>
		<FrozenPos>true</FrozenPos>
		<HashName>stt_prop_stunt_tube_crn</HashName>
		<ModelHash>3515328436</ModelHash>
	</Attachment>
	<Attachment>
		<InitialHandle>111893</InitialHandle>
		<IsCollisionProof>false</IsCollisionProof>
		<PositionRotation>
			<Y>5228.0791015625</Y>
			<X>-378.18701171875</X>
			<Roll>0.0</Roll>
			<Yaw>86.599998474121</Yaw>
			<Pitch>0.0</Pitch>
			<Z>754.98199462891</Z>
		</PositionRotation>
		<FrozenPos>true</FrozenPos>
		<HashName>stt_prop_stunt_tube_xxs</HashName>
		<ModelHash>1125864094</ModelHash>
	</Attachment>
	<Attachment>
		<InitialHandle>128541</InitialHandle>
		<IsCollisionProof>false</IsCollisionProof>
		<PositionRotation>
			<Y>5600.1108398438</Y>
			<X>656.41400146484</X>
			<Roll>-0.0</Roll>
			<Yaw>176.59899902344</Yaw>
			<Pitch>0.0</Pitch>
			<Z>895.84997558594</Z>
		</PositionRotation>
		<FrozenPos>true</FrozenPos>
		<HashName>stt_prop_track_speedup_t2</HashName>
		<ModelHash>4228722453</ModelHash>
	</Attachment>
	<Attachment>
		<InitialHandle>103975</InitialHandle>
		<IsCollisionProof>false</IsCollisionProof>
		<PositionRotation>
			<Y>5246.7529296875</Y>
			<X>-377.07699584961</X>
			<Roll>0.0</Roll>
			<Yaw>86.599998474121</Yaw>
			<Pitch>0.0</Pitch>
			<Z>754.98199462891</Z>
		</PositionRotation>
		<FrozenPos>true</FrozenPos>
		<HashName>stt_prop_stunt_tube_xxs</HashName>
		<ModelHash>1125864094</ModelHash>
	</Attachment>
	<Attachment>
		<InitialHandle>151601</InitialHandle>
		<IsCollisionProof>false</IsCollisionProof>
		<PositionRotation>
			<Y>5255.4228515625</Y>
			<X>463.14099121094</X>
			<Roll>-0.0</Roll>
			<Yaw>162.19999694824</Yaw>
			<Pitch>0.0</Pitch>
			<Z>895.98400878906</Z>
		</PositionRotation>
		<FrozenPos>true</FrozenPos>
		<HashName>stt_prop_track_bend_15d</HashName>
		<ModelHash>3855610836</ModelHash>
	</Attachment>
	<Attachment>
		<InitialHandle>141098</InitialHandle>
		<IsCollisionProof>false</IsCollisionProof>
		<PositionRotation>
			<Y>5820.0620117188</Y>
			<X>198.89399719238</X>
			<Roll>-0.0</Roll>
			<Yaw>176.60000610352</Yaw>
			<Pitch>0.0</Pitch>
			<Z>851.291015625</Z>
		</PositionRotation>
		<FrozenPos>true</FrozenPos>
		<HashName>stt_prop_stunt_tube_xs</HashName>
		<ModelHash>1124049486</ModelHash>
	</Attachment>
	<Attachment>
		<InitialHandle>84259</InitialHandle>
		<IsCollisionProof>false</IsCollisionProof>
		<PositionRotation>
			<Y>5359.8598632812</Y>
			<X>-75.499000549316</X>
			<Roll>-0.0</Roll>
			<Yaw>155.99899291992</Yaw>
			<Pitch>0.0</Pitch>
			<Z>854.88201904297</Z>
		</PositionRotation>
		<FrozenPos>true</FrozenPos>
		<HashName>ind_prop_firework_03</HashName>
		<ModelHash>3176209716</ModelHash>
	</Attachment>
	<Attachment>
		<InitialHandle>77622</InitialHandle>
		<IsCollisionProof>false</IsCollisionProof>
		<PositionRotation>
			<Y>5279.283203125</Y>
			<X>109.63999938965</X>
			<Roll>-14.999424934387</Roll>
			<Yaw>-3.293518781662</Yaw>
			<Pitch>-90.413803100586</Pitch>
			<Z>858.53497314453</Z>
		</PositionRotation>
		<FrozenPos>true</FrozenPos>
		<HashName>stt_prop_stunt_tube_xs</HashName>
		<ModelHash>1124049486</ModelHash>
	</Attachment>
	<Attachment>
		<InitialHandle>114979</InitialHandle>
		<IsCollisionProof>false</IsCollisionProof>
		<PositionRotation>
			<Y>4750.630859375</Y>
			<X>-195.31300354004</X>
			<Roll>-0.0</Roll>
			<Yaw>-93.400001525879</Yaw>
			<Pitch>0.0</Pitch>
			<Z>754.98199462891</Z>
		</PositionRotation>
		<FrozenPos>true</FrozenPos>
		<HashName>stt_prop_stunt_tube_crn</HashName>
		<ModelHash>3515328436</ModelHash>
	</Attachment>
	<Attachment>
		<InitialHandle>53799</InitialHandle>
		<IsCollisionProof>false</IsCollisionProof>
		<PositionRotation>
			<Y>5600.076171875</Y>
			<X>657.26501464844</X>
			<Roll>0.0</Roll>
			<Yaw>86.599998474121</Yaw>
			<Pitch>0.0</Pitch>
			<Z>845.99401855469</Z>
		</PositionRotation>
		<FrozenPos>true</FrozenPos>
		<HashName>stt_prop_stunt_track_link</HashName>
		<ModelHash>2975572692</ModelHash>
	</Attachment>
	<Attachment>
		<InitialHandle>31772</InitialHandle>
		<IsCollisionProof>false</IsCollisionProof>
		<PositionRotation>
			<Y>5735.9521484375</Y>
			<X>-112.06199645996</X>
			<Roll>4.5819997787476</Roll>
			<Yaw>-4.0002398490906</Yaw>
			<Pitch>-0.0030096187256277</Pitch>
			<Z>896.19097900391</Z>
		</PositionRotation>
		<FrozenPos>true</FrozenPos>
		<HashName>stt_prop_track_speedup_t2</HashName>
		<ModelHash>4228722453</ModelHash>
	</Attachment>
	<Attachment>
		<InitialHandle>61465</InitialHandle>
		<IsCollisionProof>true</IsCollisionProof>
		<PositionRotation>
			<Y>5703.46484375</Y>
			<X>432.45599365234</X>
			<Roll>0.0</Roll>
			<Yaw>-3.4000000953674</Yaw>
			<Pitch>0.0</Pitch>
			<Z>851.291015625</Z>
		</PositionRotation>
		<FrozenPos>true</FrozenPos>
		<HashName>stt_prop_stunt_tube_xs</HashName>
		<ModelHash>1124049486</ModelHash>
	</Attachment>
	<Attachment>
		<InitialHandle>11561</InitialHandle>
		<IsCollisionProof>false</IsCollisionProof>
		<PositionRotation>
			<Y>5453.4409179688</Y>
			<X>-70.485000610352</X>
			<Roll>0.0</Roll>
			<Yaw>-3.4000000953674</Yaw>
			<Pitch>0.0</Pitch>
			<Z>797.13000488281</Z>
		</PositionRotation>
		<FrozenPos>true</FrozenPos>
		<HashName>stt_prop_stunt_jump45</HashName>
		<ModelHash>2326142929</ModelHash>
	</Attachment>
	<Attachment>
		<InitialHandle>66839</InitialHandle>
		<IsCollisionProof>false</IsCollisionProof>
		<PositionRotation>
			<Y>5190.3500976562</Y>
			<X>-92.69100189209</X>
			<Roll>0.0</Roll>
			<Yaw>86.800003051758</Yaw>
			<Pitch>0.0</Pitch>
			<Z>854.85601806641</Z>
		</PositionRotation>
		<FrozenPos>true</FrozenPos>
		<HashName>stt_prop_track_slowdown_t1</HashName>
		<ModelHash>1431235846</ModelHash>
	</Attachment>
	<Attachment>
		<InitialHandle>68911</InitialHandle>
		<IsCollisionProof>false</IsCollisionProof>
		<PositionRotation>
			<Y>4829.8901367188</Y>
			<X>-362.40200805664</X>
			<Roll>0.0</Roll>
			<Yaw>-40.000011444092</Yaw>
			<Pitch>0.0</Pitch>
			<Z>142.47700500488</Z>
		</PositionRotation>
		<FrozenPos>true</FrozenPos>
		<HashName>xm_prop_base_cabinet_door_01</HashName>
		<ModelHash>630616933</ModelHash>
	</Attachment>
	<Attachment>
		<InitialHandle>33066</InitialHandle>
		<IsCollisionProof>true</IsCollisionProof>
		<PositionRotation>
			<Y>5048.5698242188</Y>
			<X>-388.85299682617</X>
			<Roll>-0.0</Roll>
			<Yaw>-93.400001525879</Yaw>
			<Pitch>0.0</Pitch>
			<Z>754.98199462891</Z>
		</PositionRotation>
		<FrozenPos>true</FrozenPos>
		<HashName>stt_prop_stunt_tube_s</HashName>
		<ModelHash>2081936690</ModelHash>
	</Attachment>
	<Attachment>
		<InitialHandle>31525</InitialHandle>
		<IsCollisionProof>false</IsCollisionProof>
		<PositionRotation>
			<Y>5378.5732421875</Y>
			<X>-74.935997009277</X>
			<Roll>0.0</Roll>
			<Yaw>-3.4000000953674</Yaw>
			<Pitch>0.0</Pitch>
			<Z>804.81597900391</Z>
		</PositionRotation>
		<FrozenPos>true</FrozenPos>
		<HashName>stt_prop_stunt_track_straight</HashName>
		<ModelHash>1152255454</ModelHash>
	</Attachment>
	<Attachment>
		<InitialHandle>11305</InitialHandle>
		<IsCollisionProof>false</IsCollisionProof>
		<PositionRotation>
			<Y>5204.1459960938</Y>
			<X>720.49597167969</X>
			<Roll>0.0</Roll>
			<Yaw>85.800003051758</Yaw>
			<Pitch>0.0</Pitch>
			<Z>895.62799072266</Z>
		</PositionRotation>
		<FrozenPos>true</FrozenPos>
		<HashName>stt_prop_stunt_bblock_huge_05</HashName>
		<ModelHash>953286133</ModelHash>
	</Attachment>
	<Attachment>
		<InitialHandle>153899</InitialHandle>
		<IsCollisionProof>true</IsCollisionProof>
		<PositionRotation>
			<Y>5110.9321289062</Y>
			<X>-385.12899780273</X>
			<Roll>-0.0</Roll>
			<Yaw>-93.400001525879</Yaw>
			<Pitch>0.0</Pitch>
			<Z>755.00201416016</Z>
		</PositionRotation>
		<FrozenPos>true</FrozenPos>
		<HashName>ba_prop_battle_tube_fn_01</HashName>
		<ModelHash>1334699559</ModelHash>
	</Attachment>
	<Attachment>
		<InitialHandle>92204</InitialHandle>
		<IsCollisionProof>false</IsCollisionProof>
		<PositionRotation>
			<Y>5742.17578125</Y>
			<X>-97.291999816895</X>
			<Roll>0.046758975833654</Roll>
			<Yaw>-3.8592464923859</Yaw>
			<Pitch>5.8050012588501</Pitch>
			<Z>896.08099365234</Z>
		</PositionRotation>
		<FrozenPos>true</FrozenPos>
		<HashName>stt_prop_tyre_wall_09</HashName>
		<ModelHash>2108368555</ModelHash>
	</Attachment>
	<Attachment>
		<InitialHandle>118802</InitialHandle>
		<IsCollisionProof>true</IsCollisionProof>
		<PositionRotation>
			<Y>5191.9360351562</Y>
			<X>-380.33401489258</X>
			<Roll>0.0</Roll>
			<Yaw>86.599998474121</Yaw>
			<Pitch>0.0</Pitch>
			<Z>754.98199462891</Z>
		</PositionRotation>
		<FrozenPos>true</FrozenPos>
		<HashName>stt_prop_stunt_tube_xs</HashName>
		<ModelHash>1124049486</ModelHash>
	</Attachment>
	<Attachment>
		<InitialHandle>172323</InitialHandle>
		<IsCollisionProof>false</IsCollisionProof>
		<PositionRotation>
			<Y>4971.5532226562</Y>
			<X>-373.76098632812</X>
			<Roll>-0.0</Roll>
			<Yaw>-93.400001525879</Yaw>
			<Pitch>0.0</Pitch>
			<Z>754.98199462891</Z>
		</PositionRotation>
		<FrozenPos>true</FrozenPos>
		<HashName>stt_prop_stunt_tube_crn</HashName>
		<ModelHash>3515328436</ModelHash>
	</Attachment>
	<Attachment>
		<InitialHandle>109089</InitialHandle>
		<IsCollisionProof>false</IsCollisionProof>
		<PositionRotation>
			<Y>5301.6557617188</Y>
			<X>-278.42700195312</X>
			<Roll>14.999424934387</Roll>
			<Yaw>176.70648193359</Yaw>
			<Pitch>90.413803100586</Pitch>
			<Z>760.35998535156</Z>
		</PositionRotation>
		<FrozenPos>true</FrozenPos>
		<HashName>stt_prop_stunt_tube_crn_15d</HashName>
		<ModelHash>1533556199</ModelHash>
	</Attachment>
	<Attachment>
		<InitialHandle>163102</InitialHandle>
		<Attachment isAttached="true">
			<Y>0.0</Y>
			<Pitch>0</Pitch>
			<Z>0.0</Z>
			<BoneIndex>0</BoneIndex>
			<Roll>0</Roll>
			<AttachedTo>37136</AttachedTo>
			<X>0.0</X>
			<Yaw>0</Yaw>
		</Attachment>
		<IsCollisionProof>false</IsCollisionProof>
		<PositionRotation>
			<Y>5696.0561523438</Y>
			<X>557.14697265625</X>
			<Roll>-0.0</Roll>
			<Yaw>-3.4000000953674</Yaw>
			<Pitch>-0.0</Pitch>
			<Z>851.291015625</Z>
		</PositionRotation>
		<FrozenPos>true</FrozenPos>
		<HashName>stt_prop_stunt_tube_speeda</HashName>
		<ModelHash>1322181531</ModelHash>
	</Attachment>
	<Attachment>
		<InitialHandle>69176</InitialHandle>
		<Attachment isAttached="true">
			<Y>0.0</Y>
			<Pitch>0</Pitch>
			<Z>0.0</Z>
			<BoneIndex>0</BoneIndex>
			<Roll>0</Roll>
			<AttachedTo>48433</AttachedTo>
			<X>0.0</X>
			<Yaw>0</Yaw>
		</Attachment>
		<IsCollisionProof>false</IsCollisionProof>
		<PositionRotation>
			<Y>5281.2919921875</Y>
			<X>74.724998474121</X>
			<Roll>-14.999424934387</Roll>
			<Yaw>-3.293518781662</Yaw>
			<Pitch>-90.413803100586</Pitch>
			<Z>849.16400146484</Z>
		</PositionRotation>
		<FrozenPos>true</FrozenPos>
		<HashName>stt_prop_stunt_tube_speeda</HashName>
		<ModelHash>1322181531</ModelHash>
	</Attachment>
	<Attachment>
		<InitialHandle>52006</InitialHandle>
		<Attachment isAttached="true">
			<Y>0.0</Y>
			<Pitch>0</Pitch>
			<Z>0.0</Z>
			<BoneIndex>0</BoneIndex>
			<Roll>0</Roll>
			<AttachedTo>20521</AttachedTo>
			<X>0.0</X>
			<Yaw>0</Yaw>
		</Attachment>
		<IsCollisionProof>false</IsCollisionProof>
		<PositionRotation>
			<Y>4786.62890625</Y>
			<X>-110.12699890137</X>
			<Roll>0.0</Roll>
			<Yaw>86.599998474121</Yaw>
			<Pitch>0.0</Pitch>
			<Z>754.98199462891</Z>
		</PositionRotation>
		<FrozenPos>true</FrozenPos>
		<HashName>stt_prop_stunt_tube_speeda</HashName>
		<ModelHash>1322181531</ModelHash>
	</Attachment>
	<Attachment>
		<InitialHandle>19474</InitialHandle>
		<Attachment isAttached="true">
			<Y>0.0</Y>
			<Pitch>0</Pitch>
			<Z>0.0</Z>
			<BoneIndex>0</BoneIndex>
			<Roll>0</Roll>
			<AttachedTo>38441</AttachedTo>
			<X>0.0</X>
			<Yaw>0</Yaw>
		</Attachment>
		<IsCollisionProof>false</IsCollisionProof>
		<PositionRotation>
			<Y>5830.6572265625</Y>
			<X>20.590999603271</X>
			<Roll>-0.0</Roll>
			<Yaw>-3.4000000953674</Yaw>
			<Pitch>-0.0</Pitch>
			<Z>851.291015625</Z>
		</PositionRotation>
		<FrozenPos>true</FrozenPos>
		<HashName>stt_prop_stunt_tube_speeda</HashName>
		<ModelHash>1322181531</ModelHash>
	</Attachment>
	<Attachment>
		<InitialHandle>17462</InitialHandle>
		<Attachment isAttached="true">
			<Y>0.0</Y>
			<Pitch>0</Pitch>
			<Z>0.0</Z>
			<BoneIndex>0</BoneIndex>
			<Roll>0</Roll>
			<AttachedTo>118325</AttachedTo>
			<X>0.0</X>
			<Yaw>0</Yaw>
		</Attachment>
		<IsCollisionProof>false</IsCollisionProof>
		<PositionRotation>
			<Y>5272.0830078125</Y>
			<X>234.75700378418</X>
			<Roll>-14.999424934387</Roll>
			<Yaw>-3.293518781662</Yaw>
			<Pitch>-90.413803100586</Pitch>
			<Z>892.11401367188</Z>
		</PositionRotation>
		<FrozenPos>true</FrozenPos>
		<HashName>stt_prop_stunt_tube_speeda</HashName>
		<ModelHash>1322181531</ModelHash>
	</Attachment>
	<Attachment>
		<InitialHandle>53545</InitialHandle>
		<Attachment isAttached="true">
			<Y>0.0</Y>
			<Pitch>0</Pitch>
			<Z>0.0</Z>
			<BoneIndex>0</BoneIndex>
			<Roll>0</Roll>
			<AttachedTo>85014</AttachedTo>
			<X>0.0</X>
			<Yaw>0</Yaw>
		</Attachment>
		<IsCollisionProof>false</IsCollisionProof>
		<PositionRotation>
			<Y>5294.3862304688</Y>
			<X>-152.80799865723</X>
			<Roll>-14.999424934387</Roll>
			<Yaw>-3.293518781662</Yaw>
			<Pitch>-90.413803100586</Pitch>
			<Z>788.09899902344</Z>
		</PositionRotation>
		<FrozenPos>true</FrozenPos>
		<HashName>stt_prop_stunt_tube_speeda</HashName>
		<ModelHash>1322181531</ModelHash>
	</Attachment>
	<Attachment>
		<InitialHandle>125235</InitialHandle>
		<Attachment isAttached="true">
			<Y>0.0</Y>
			<Pitch>0</Pitch>
			<Z>0.0</Z>
			<BoneIndex>0</BoneIndex>
			<Roll>0</Roll>
			<AttachedTo>163381</AttachedTo>
			<X>0.0</X>
			<Yaw>0</Yaw>
		</Attachment>
		<IsCollisionProof>false</IsCollisionProof>
		<PositionRotation>
			<Y>5277.2729492188</Y>
			<X>144.55599975586</X>
			<Roll>-14.999424934387</Roll>
			<Yaw>-3.293518781662</Yaw>
			<Pitch>-90.413803100586</Pitch>
			<Z>867.90600585938</Z>
		</PositionRotation>
		<FrozenPos>true</FrozenPos>
		<HashName>stt_prop_stunt_tube_speeda</HashName>
		<ModelHash>1322181531</ModelHash>
	</Attachment>
	<Attachment>
		<InitialHandle>176434</InitialHandle>
		<Attachment isAttached="true">
			<Y>0.0</Y>
			<Pitch>0</Pitch>
			<Z>0.0</Z>
			<BoneIndex>0</BoneIndex>
			<Roll>0</Roll>
			<AttachedTo>125992</AttachedTo>
			<X>0.0</X>
			<Yaw>0</Yaw>
		</Attachment>
		<IsCollisionProof>false</IsCollisionProof>
		<PositionRotation>
			<Y>5274.1591796875</Y>
			<X>198.67599487305</X>
			<Roll>-14.999424934387</Roll>
			<Yaw>-3.293518781662</Yaw>
			<Pitch>-90.413803100586</Pitch>
			<Z>882.43103027344</Z>
		</PositionRotation>
		<FrozenPos>true</FrozenPos>
		<HashName>stt_prop_stunt_tube_speeda</HashName>
		<ModelHash>1322181531</ModelHash>
	</Attachment>
	<Attachment>
		<InitialHandle>36908</InitialHandle>
		<Attachment isAttached="true">
			<Y>0.0</Y>
			<Pitch>0</Pitch>
			<Z>0.0</Z>
			<BoneIndex>0</BoneIndex>
			<Roll>0</Roll>
			<AttachedTo>19753</AttachedTo>
			<X>0.0</X>
			<Yaw>0</Yaw>
		</Attachment>
		<IsCollisionProof>false</IsCollisionProof>
		<PositionRotation>
			<Y>5298.4038085938</Y>
			<X>-222.63900756836</X>
			<Roll>-14.999424934387</Roll>
			<Yaw>-3.293518781662</Yaw>
			<Pitch>-90.413803100586</Pitch>
			<Z>769.35699462891</Z>
		</PositionRotation>
		<FrozenPos>true</FrozenPos>
		<HashName>stt_prop_stunt_tube_speeda</HashName>
		<ModelHash>1322181531</ModelHash>
	</Attachment>
	<Attachment>
		<InitialHandle>172073</InitialHandle>
		<Attachment isAttached="true">
			<Y>0.0</Y>
			<Pitch>0</Pitch>
			<Z>0.0</Z>
			<BoneIndex>0</BoneIndex>
			<Roll>0</Roll>
			<AttachedTo>160540</AttachedTo>
			<X>0.0</X>
			<Yaw>0</Yaw>
		</Attachment>
		<IsCollisionProof>false</IsCollisionProof>
		<PositionRotation>
			<Y>4792.7109375</Y>
			<X>-212.48100280762</X>
			<Roll>0.0</Roll>
			<Yaw>86.599998474121</Yaw>
			<Pitch>0.0</Pitch>
			<Z>754.98199462891</Z>
		</PositionRotation>
		<FrozenPos>true</FrozenPos>
		<HashName>stt_prop_stunt_tube_speeda</HashName>
		<ModelHash>1322181531</ModelHash>
	</Attachment>
	<Attachment>
		<InitialHandle>147499</InitialHandle>
		<Attachment isAttached="true">
			<Y>0.0</Y>
			<Pitch>0</Pitch>
			<Z>0.0</Z>
			<BoneIndex>0</BoneIndex>
			<Roll>0</Roll>
			<AttachedTo>113961</AttachedTo>
			<X>0.0</X>
			<Yaw>0</Yaw>
		</Attachment>
		<IsCollisionProof>false</IsCollisionProof>
		<PositionRotation>
			<Y>5286.3491210938</Y>
			<X>-13.145999908447</X>
			<Roll>-14.999424934387</Roll>
			<Yaw>-3.293518781662</Yaw>
			<Pitch>-90.413803100586</Pitch>
			<Z>825.58099365234</Z>
		</PositionRotation>
		<FrozenPos>true</FrozenPos>
		<HashName>stt_prop_stunt_tube_speeda</HashName>
		<ModelHash>1322181531</ModelHash>
	</Attachment>
	<Attachment>
		<InitialHandle>67606</InitialHandle>
		<Attachment isAttached="true">
			<Y>0.0</Y>
			<Pitch>0</Pitch>
			<Z>0.0</Z>
			<BoneIndex>0</BoneIndex>
			<Roll>0</Roll>
			<AttachedTo>78636</AttachedTo>
			<X>0.0</X>
			<Yaw>0</Yaw>
		</Attachment>
		<IsCollisionProof>false</IsCollisionProof>
		<PositionRotation>
			<Y>5290.3671875</Y>
			<X>-82.976997375488</X>
			<Roll>-14.999424934387</Roll>
			<Yaw>-3.293518781662</Yaw>
			<Pitch>-90.413803100586</Pitch>
			<Z>806.84002685547</Z>
		</PositionRotation>
		<FrozenPos>true</FrozenPos>
		<HashName>stt_prop_stunt_tube_speeda</HashName>
		<ModelHash>1322181531</ModelHash>
	</Attachment>
	<Attachment>
		<InitialHandle>21040</InitialHandle>
		<Attachment isAttached="true">
			<Y>0.0</Y>
			<Pitch>0</Pitch>
			<Z>0.0</Z>
			<BoneIndex>0</BoneIndex>
			<Roll>0</Roll>
			<AttachedTo>101928</AttachedTo>
			<X>0.0</X>
			<Yaw>0</Yaw>
		</Attachment>
		<IsCollisionProof>false</IsCollisionProof>
		<PositionRotation>
			<Y>5282.330078125</Y>
			<X>56.68399810791</X>
			<Roll>-14.999424934387</Roll>
			<Yaw>-3.293518781662</Yaw>
			<Pitch>-90.413803100586</Pitch>
			<Z>844.32299804688</Z>
		</PositionRotation>
		<FrozenPos>true</FrozenPos>
		<HashName>stt_prop_stunt_tube_speeda</HashName>
		<ModelHash>1322181531</ModelHash>
	</Attachment>
	<Attachment>
		<InitialHandle>121883</InitialHandle>
		<Attachment isAttached="true">
			<Y>0.0</Y>
			<Pitch>0</Pitch>
			<Z>0.0</Z>
			<BoneIndex>0</BoneIndex>
			<Roll>0</Roll>
			<AttachedTo>108830</AttachedTo>
			<X>0.0</X>
			<Yaw>0</Yaw>
		</Attachment>
		<IsCollisionProof>false</IsCollisionProof>
		<PositionRotation>
			<Y>5276.2348632812</Y>
			<X>162.59599304199</X>
			<Roll>-14.999424934387</Roll>
			<Yaw>-3.293518781662</Yaw>
			<Pitch>-90.413803100586</Pitch>
			<Z>872.74700927734</Z>
		</PositionRotation>
		<FrozenPos>true</FrozenPos>
		<HashName>stt_prop_stunt_tube_speeda</HashName>
		<ModelHash>1322181531</ModelHash>
	</Attachment>
	<Attachment>
		<InitialHandle>18460</InitialHandle>
		<Attachment isAttached="true">
			<Y>0.0</Y>
			<Pitch>0</Pitch>
			<Z>0.0</Z>
			<BoneIndex>0</BoneIndex>
			<Roll>0</Roll>
			<AttachedTo>32040</AttachedTo>
			<X>0.0</X>
			<Yaw>0</Yaw>
		</Attachment>
		<IsCollisionProof>false</IsCollisionProof>
		<PositionRotation>
			<Y>5270.0068359375</Y>
			<X>270.83801269531</X>
			<Roll>-14.999424934387</Roll>
			<Yaw>-3.293518781662</Yaw>
			<Pitch>-90.413803100586</Pitch>
			<Z>901.79699707031</Z>
		</PositionRotation>
		<FrozenPos>true</FrozenPos>
		<HashName>stt_prop_stunt_tube_speeda</HashName>
		<ModelHash>1322181531</ModelHash>
	</Attachment>
</SpoonerPlacements>
