<?xml version="1.0" encoding="ISO-8859-1"?>
<SpoonerPlacements>
	<ReferenceCoords>
		<X>94.838981628418</X>
		<Y>3896.8461914062</Y>
		<Z>32.443141937256</Z>
	</ReferenceCoords>
	<Attachment>
		<IsCollisionProof>false</IsCollisionProof>
		<ModelHash>1516660056</ModelHash>
		<PositionRotation>
			<Z>23.785999298096</Z>
			<Y>4419.0341796875</Y>
			<X>-529.93798828125</X>
			<Roll>-19.123840332031</Roll>
			<Yaw>-3.2945237159729</Yaw>
			<Pitch>1.7379393577576</Pitch>
		</PositionRotation>
		<HashName>stt_prop_track_bend_5d</HashName>
		<FrozenPos>true</FrozenPos>
		<InitialHandle>161876</InitialHandle>
	</Attachment>
	<Attachment>
		<IsCollisionProof>false</IsCollisionProof>
		<ModelHash>3698023687</ModelHash>
		<PositionRotation>
			<Z>34.571300506592</Z>
			<Y>3928.130859375</Y>
			<X>-204.41900634766</X>
			<Roll>-8.5368280410767</Roll>
			<Yaw>159.69532775879</Yaw>
			<Pitch>2.7121515274048</Pitch>
		</PositionRotation>
		<HashName>prop_skid_tent_01</HashName>
		<FrozenPos>true</FrozenPos>
		<InitialHandle>96554</InitialHandle>
	</Attachment>
	<Attachment>
		<IsCollisionProof>false</IsCollisionProof>
		<ModelHash>1969602791</ModelHash>
		<PositionRotation>
			<Z>14.689999580383</Z>
			<Y>4464.0229492188</Y>
			<X>-1723.0159912109</X>
			<Roll>0.7818768620491</Roll>
			<Yaw>-142.74487304688</Yaw>
			<Pitch>-1.0170944929123</Pitch>
		</PositionRotation>
		<HashName>stt_prop_stunt_track_dwlink_02</HashName>
		<FrozenPos>true</FrozenPos>
		<InitialHandle>42575</InitialHandle>
	</Attachment>
	<Attachment>
		<IsCollisionProof>false</IsCollisionProof>
		<ModelHash>3698023687</ModelHash>
		<PositionRotation>
			<Z>34.646862030029</Z>
			<Y>3942.734375</Y>
			<X>-205.87054443359</X>
			<Roll>7.190559387207</Roll>
			<Yaw>-15.000036239624</Yaw>
			<Pitch>-2.8222579956055</Pitch>
		</PositionRotation>
		<HashName>prop_skid_tent_01</HashName>
		<FrozenPos>true</FrozenPos>
		<InitialHandle>78446</InitialHandle>
	</Attachment>
	<Attachment>
		<IsCollisionProof>false</IsCollisionProof>
		<ModelHash>1431235846</ModelHash>
		<PositionRotation>
			<Z>171.375</Z>
			<Y>4322.33984375</Y>
			<X>-1075.1800537109</X>
			<Roll>-0.0</Roll>
			<Yaw>99.997001647949</Yaw>
			<Pitch>0.0</Pitch>
		</PositionRotation>
		<HashName>stt_prop_track_slowdown_t1</HashName>
		<FrozenPos>true</FrozenPos>
		<InitialHandle>92522</InitialHandle>
	</Attachment>
	<Attachment>
		<IsCollisionProof>false</IsCollisionProof>
		<ModelHash>2975572692</ModelHash>
		<PositionRotation>
			<Z>15.489000320435</Z>
			<Y>4499.8208007812</Y>
			<X>-1750.2430419922</X>
			<Roll>-0.7818768620491</Roll>
			<Yaw>37.255123138428</Yaw>
			<Pitch>1.0170946121216</Pitch>
		</PositionRotation>
		<HashName>stt_prop_stunt_track_link</HashName>
		<FrozenPos>true</FrozenPos>
		<InitialHandle>136749</InitialHandle>
	</Attachment>
	<Attachment>
		<IsCollisionProof>false</IsCollisionProof>
		<ModelHash>3855610836</ModelHash>
		<PositionRotation>
			<Z>32.15599822998</Z>
			<Y>4134.5561523438</Y>
			<X>-145.27600097656</X>
			<Roll>0.0</Roll>
			<Yaw>81.999000549316</Yaw>
			<Pitch>0.0</Pitch>
		</PositionRotation>
		<HashName>stt_prop_track_bend_15d</HashName>
		<FrozenPos>true</FrozenPos>
		<InitialHandle>29038</InitialHandle>
	</Attachment>
	<Attachment>
		<IsCollisionProof>false</IsCollisionProof>
		<ModelHash>1025978577</ModelHash>
		<PositionRotation>
			<Z>145.46299743652</Z>
			<Y>4173.1479492188</Y>
			<X>109.40399932861</X>
			<Roll>0.0</Roll>
			<Yaw>66.999000549316</Yaw>
			<Pitch>0.0</Pitch>
		</PositionRotation>
		<HashName>stt_prop_stunt_tube_jmp</HashName>
		<FrozenPos>true</FrozenPos>
		<InitialHandle>86624</InitialHandle>
	</Attachment>
	<Attachment>
		<IsCollisionProof>false</IsCollisionProof>
		<ModelHash>1877510934</ModelHash>
		<PositionRotation>
			<Z>126.39600372314</Z>
			<Y>3946.4389648438</Y>
			<X>5.066999912262</X>
			<Roll>-86.878829956055</Roll>
			<Yaw>140.50952148438</Yaw>
			<Pitch>42.423847198486</Pitch>
		</PositionRotation>
		<HashName>stt_prop_tyre_wall_01</HashName>
		<FrozenPos>true</FrozenPos>
		<InitialHandle>25198</InitialHandle>
	</Attachment>
	<Attachment>
		<IsCollisionProof>false</IsCollisionProof>
		<ModelHash>3906373800</ModelHash>
		<PositionRotation>
			<Z>142.39799499512</Z>
			<Y>4059.70703125</Y>
			<X>411.30801391602</X>
			<Roll>-16.240783691406</Roll>
			<Yaw>91.167015075684</Yaw>
			<Pitch>-178.24494934082</Pitch>
		</PositionRotation>
		<HashName>stt_prop_track_speedup_t1</HashName>
		<FrozenPos>true</FrozenPos>
		<InitialHandle>119387</InitialHandle>
	</Attachment>
	<Attachment>
		<IsCollisionProof>false</IsCollisionProof>
		<ModelHash>100090969</ModelHash>
		<PositionRotation>
			<Z>16.287000656128</Z>
			<Y>4535.6118164062</Y>
			<X>-1777.4780273438</X>
			<Roll>-0.7818768620491</Roll>
			<Yaw>37.255123138428</Yaw>
			<Pitch>1.0170946121216</Pitch>
		</PositionRotation>
		<HashName>stt_prop_stunt_track_dwlink</HashName>
		<FrozenPos>true</FrozenPos>
		<InitialHandle>46440</InitialHandle>
	</Attachment>
	<Attachment>
		<IsCollisionProof>false</IsCollisionProof>
		<ModelHash>3855610836</ModelHash>
		<PositionRotation>
			<Z>32.15599822998</Z>
			<Y>4081.8059082031</Y>
			<X>-146.5240020752</X>
			<Roll>-0.0</Roll>
			<Yaw>-98.000999450684</Yaw>
			<Pitch>0.0</Pitch>
		</PositionRotation>
		<HashName>stt_prop_track_bend_15d</HashName>
		<FrozenPos>true</FrozenPos>
		<InitialHandle>54842</InitialHandle>
	</Attachment>
	<Attachment>
		<IsCollisionProof>false</IsCollisionProof>
		<ModelHash>1431235846</ModelHash>
		<PositionRotation>
			<Z>171.32800292969</Z>
			<Y>4326.5581054688</Y>
			<X>-1061.0749511719</X>
			<Roll>-0.0</Roll>
			<Yaw>108.39700317383</Yaw>
			<Pitch>0.0</Pitch>
		</PositionRotation>
		<HashName>stt_prop_track_slowdown_t1</HashName>
		<FrozenPos>true</FrozenPos>
		<InitialHandle>4644</InitialHandle>
	</Attachment>
	<Attachment>
		<IsCollisionProof>false</IsCollisionProof>
		<ModelHash>4016528977</ModelHash>
		<PositionRotation>
			<Z>109.47299957275</Z>
			<Y>3978.4440917969</Y>
			<X>24.395999908447</X>
			<Roll>60.009120941162</Roll>
			<Yaw>-88.328010559082</Yaw>
			<Pitch>-9.8349962234497</Pitch>
		</PositionRotation>
		<HashName>stt_prop_stunt_bblock_xl3</HashName>
		<FrozenPos>true</FrozenPos>
		<InitialHandle>16443</InitialHandle>
	</Attachment>
	<Attachment>
		<IsCollisionProof>false</IsCollisionProof>
		<ModelHash>3906373800</ModelHash>
		<PositionRotation>
			<Z>64.322998046875</Z>
			<Y>4461.3129882812</Y>
			<X>-1835.0639648438</X>
			<Roll>1.0179044008255</Roll>
			<Yaw>-52.986034393311</Yaw>
			<Pitch>0.7861242890358</Pitch>
		</PositionRotation>
		<HashName>stt_prop_track_speedup_t1</HashName>
		<FrozenPos>true</FrozenPos>
		<InitialHandle>126801</InitialHandle>
	</Attachment>
	<Attachment>
		<IsCollisionProof>false</IsCollisionProof>
		<ModelHash>3239355994</ModelHash>
		<PositionRotation>
			<Z>34.593883514404</Z>
			<Y>3935.9438476562</Y>
			<X>-205.16717529297</X>
			<Roll>-4.4379138946533</Roll>
			<Yaw>124.61613464355</Yaw>
			<Pitch>6.5551595687866</Pitch>
		</PositionRotation>
		<HashName>prop_skid_tent_03</HashName>
		<FrozenPos>true</FrozenPos>
		<InitialHandle>63851</InitialHandle>
	</Attachment>
	<Attachment>
		<IsCollisionProof>false</IsCollisionProof>
		<ModelHash>3855610836</ModelHash>
		<PositionRotation>
			<Z>32.15599822998</Z>
			<Y>4032.7409667969</Y>
			<X>-140.10899353027</X>
			<Roll>0.0</Roll>
			<Yaw>-83.000999450684</Yaw>
			<Pitch>0.0</Pitch>
		</PositionRotation>
		<HashName>stt_prop_track_bend_15d</HashName>
		<FrozenPos>true</FrozenPos>
		<InitialHandle>96337</InitialHandle>
	</Attachment>
	<Attachment>
		<IsCollisionProof>false</IsCollisionProof>
		<ModelHash>568446997</ModelHash>
		<PositionRotation>
			<Z>62.106998443604</Z>
			<Y>4351.0141601562</Y>
			<X>-1750.8819580078</X>
			<Roll>-0.7818768620491</Roll>
			<Yaw>37.255123138428</Yaw>
			<Pitch>1.0170946121216</Pitch>
		</PositionRotation>
		<HashName>stt_prop_stunt_bblock_huge_02</HashName>
		<FrozenPos>true</FrozenPos>
		<InitialHandle>135260</InitialHandle>
	</Attachment>
	<Attachment>
		<IsCollisionProof>false</IsCollisionProof>
		<ModelHash>1431235846</ModelHash>
		<PositionRotation>
			<Z>65.484001159668</Z>
			<Y>4499.666015625</Y>
			<X>-1856.3620605469</X>
			<Roll>-1.3996931314468</Roll>
			<Yaw>127.5993270874</Yaw>
			<Pitch>-1.2003582715988</Pitch>
		</PositionRotation>
		<HashName>stt_prop_track_slowdown_t1</HashName>
		<FrozenPos>true</FrozenPos>
		<InitialHandle>87399</InitialHandle>
	</Attachment>
	<Attachment>
		<IsCollisionProof>false</IsCollisionProof>
		<ModelHash>1516660056</ModelHash>
		<PositionRotation>
			<Z>15.227999687195</Z>
			<Y>4421.6337890625</Y>
			<X>-580.35400390625</X>
			<Roll>0.40983757376671</Roll>
			<Yaw>-7.7154593467712</Yaw>
			<Pitch>1.6130414009094</Pitch>
		</PositionRotation>
		<HashName>stt_prop_track_bend_5d</HashName>
		<FrozenPos>true</FrozenPos>
		<InitialHandle>133215</InitialHandle>
	</Attachment>
	<Attachment>
		<IsCollisionProof>false</IsCollisionProof>
		<ModelHash>138278167</ModelHash>
		<PositionRotation>
			<Z>115.77799987793</Z>
			<Y>4098.3461914062</Y>
			<X>-30.082000732422</X>
			<Roll>-2.9577729701996</Roll>
			<Yaw>-117.96393585205</Yaw>
			<Pitch>20.188064575195</Pitch>
		</PositionRotation>
		<HashName>stt_prop_stunt_tube_crn2</HashName>
		<FrozenPos>true</FrozenPos>
		<InitialHandle>125295</InitialHandle>
	</Attachment>
	<Attachment>
		<IsCollisionProof>false</IsCollisionProof>
		<ModelHash>138278167</ModelHash>
		<PositionRotation>
			<Z>111.59600067139</Z>
			<Y>4133.841796875</Y>
			<X>-13.647000312805</X>
			<Roll>-3.7959132194519</Roll>
			<Yaw>-163.03874206543</Yaw>
			<Pitch>0.38885301351547</Pitch>
		</PositionRotation>
		<HashName>stt_prop_stunt_tube_crn2</HashName>
		<FrozenPos>true</FrozenPos>
		<InitialHandle>20852</InitialHandle>
	</Attachment>
	<Attachment>
		<IsCollisionProof>false</IsCollisionProof>
		<ModelHash>1516660056</ModelHash>
		<PositionRotation>
			<Z>15.597999572754</Z>
			<Y>4428.5600585938</Y>
			<X>-631.81597900391</X>
			<Roll>0.54879367351532</Roll>
			<Yaw>-12.712948799133</Yaw>
			<Pitch>1.5710719823837</Pitch>
		</PositionRotation>
		<HashName>stt_prop_track_bend_5d</HashName>
		<FrozenPos>true</FrozenPos>
		<InitialHandle>120919</InitialHandle>
	</Attachment>
	<Attachment>
		<IsCollisionProof>false</IsCollisionProof>
		<ModelHash>1058056533</ModelHash>
		<PositionRotation>
			<Z>41.989002227783</Z>
			<Y>3701.1103515625</Y>
			<X>77.569320678711</X>
			<Roll>0.0</Roll>
			<Yaw>0.0</Yaw>
			<Pitch>0.0</Pitch>
		</PositionRotation>
		<HashName></HashName>
		<FrozenPos>true</FrozenPos>
		<InitialHandle>67156</InitialHandle>
	</Attachment>
	<Attachment>
		<IsCollisionProof>false</IsCollisionProof>
		<ModelHash>923541625</ModelHash>
		<PositionRotation>
			<Z>59.242000579834</Z>
			<Y>4239.5927734375</Y>
			<X>-1498.1219482422</X>
			<Roll>0.0</Roll>
			<Yaw>-22.799999237061</Yaw>
			<Pitch>0.0</Pitch>
		</PositionRotation>
		<HashName>stt_prop_track_bend2_l_b</HashName>
		<FrozenPos>true</FrozenPos>
		<InitialHandle>10098</InitialHandle>
	</Attachment>
	<Attachment>
		<IsCollisionProof>false</IsCollisionProof>
		<ModelHash>3855610836</ModelHash>
		<PositionRotation>
			<Z>32.15599822998</Z>
			<Y>3987.0080566406</Y>
			<X>-121.21299743652</X>
			<Roll>0.0</Roll>
			<Yaw>-68.000999450684</Yaw>
			<Pitch>0.0</Pitch>
		</PositionRotation>
		<HashName>stt_prop_track_bend_15d</HashName>
		<FrozenPos>true</FrozenPos>
		<InitialHandle>15452</InitialHandle>
	</Attachment>
	<Attachment>
		<IsCollisionProof>false</IsCollisionProof>
		<ModelHash>3515328436</ModelHash>
		<PositionRotation>
			<Z>158.17500305176</Z>
			<Y>4301.1899414062</Y>
			<X>338.31600952148</X>
			<Roll>-0.0</Roll>
			<Yaw>137.59700012207</Yaw>
			<Pitch>0.0</Pitch>
		</PositionRotation>
		<HashName>stt_prop_stunt_tube_crn</HashName>
		<FrozenPos>true</FrozenPos>
		<InitialHandle>137789</InitialHandle>
	</Attachment>
	<Attachment>
		<IsCollisionProof>false</IsCollisionProof>
		<ModelHash>568446997</ModelHash>
		<PositionRotation>
			<Z>114.66400146484</Z>
			<Y>3950.4060058594</Y>
			<X>-564.26501464844</X>
			<Roll>-75.295440673828</Roll>
			<Yaw>-14.118936538696</Yaw>
			<Pitch>-89.173057556152</Pitch>
		</PositionRotation>
		<HashName>stt_prop_stunt_bblock_huge_02</HashName>
		<FrozenPos>true</FrozenPos>
		<InitialHandle>11878</InitialHandle>
	</Attachment>
	<Attachment>
		<IsCollisionProof>false</IsCollisionProof>
		<ModelHash>1152255454</ModelHash>
		<PositionRotation>
			<Z>-4.3730001449585</Z>
			<Y>4053.6298828125</Y>
			<X>412.44299316406</X>
			<Roll>0.0</Roll>
			<Yaw>6.9990000724792</Yaw>
			<Pitch>0.0</Pitch>
		</PositionRotation>
		<HashName>stt_prop_stunt_track_straight</HashName>
		<FrozenPos>true</FrozenPos>
		<InitialHandle>19818</InitialHandle>
	</Attachment>
	<Attachment>
		<IsCollisionProof>false</IsCollisionProof>
		<ModelHash>2665635759</ModelHash>
		<PositionRotation>
			<Z>59.243000030518</Z>
			<Y>4274.4360351562</Y>
			<X>-1451.1750488281</X>
			<Roll>0.0</Roll>
			<Yaw>67.199996948242</Yaw>
			<Pitch>0.0</Pitch>
		</PositionRotation>
		<HashName>stt_prop_track_straight_s</HashName>
		<FrozenPos>true</FrozenPos>
		<InitialHandle>87652</InitialHandle>
	</Attachment>
	<Attachment>
		<IsCollisionProof>false</IsCollisionProof>
		<ModelHash>4082372712</ModelHash>
		<PositionRotation>
			<Z>9.2969999313354</Z>
			<Y>4324.0688476562</Y>
			<X>-1430.3199462891</X>
			<Roll>-0.0</Roll>
			<Yaw>157.19999694824</Yaw>
			<Pitch>0.0</Pitch>
		</PositionRotation>
		<HashName>stt_prop_stunt_track_cutout</HashName>
		<FrozenPos>true</FrozenPos>
		<InitialHandle>17012</InitialHandle>
	</Attachment>
	<Attachment>
		<IsCollisionProof>false</IsCollisionProof>
		<ModelHash>2142632076</ModelHash>
		<PositionRotation>
			<Z>41.123474121094</Z>
			<Y>3742.12109375</Y>
			<X>49.853755950928</X>
			<Roll>0.0</Roll>
			<Yaw>0.0</Yaw>
			<Pitch>0.0</Pitch>
		</PositionRotation>
		<HashName></HashName>
		<FrozenPos>true</FrozenPos>
		<InitialHandle>56378</InitialHandle>
	</Attachment>
	<Attachment>
		<IsCollisionProof>false</IsCollisionProof>
		<ModelHash>138278167</ModelHash>
		<PositionRotation>
			<Z>108.90699768066</Z>
			<Y>4147.0209960938</Y>
			<X>29.530000686646</X>
			<Roll>3.796356678009</Roll>
			<Yaw>16.96132850647</Yaw>
			<Pitch>176.61054992676</Pitch>
		</PositionRotation>
		<HashName>stt_prop_stunt_tube_crn2</HashName>
		<FrozenPos>true</FrozenPos>
		<InitialHandle>167791</InitialHandle>
	</Attachment>
	<Attachment>
		<IsCollisionProof>false</IsCollisionProof>
		<ModelHash>138278167</ModelHash>
		<PositionRotation>
			<Z>110.58899688721</Z>
			<Y>4126.8051757812</Y>
			<X>63.215000152588</X>
			<Roll>0.29231631755829</Roll>
			<Yaw>-27.939386367798</Yaw>
			<Pitch>158.12168884277</Pitch>
		</PositionRotation>
		<HashName>stt_prop_stunt_tube_crn2</HashName>
		<FrozenPos>true</FrozenPos>
		<InitialHandle>11373</InitialHandle>
	</Attachment>
	<Attachment>
		<IsCollisionProof>false</IsCollisionProof>
		<ModelHash>4149900442</ModelHash>
		<PositionRotation>
			<Z>50.298999786377</Z>
			<Y>4423.16796875</Y>
			<X>-1388.6579589844</X>
			<Roll>0.0</Roll>
			<Yaw>-22.799999237061</Yaw>
			<Pitch>0.0</Pitch>
		</PositionRotation>
		<HashName>stt_prop_stunt_track_dwslope30</HashName>
		<FrozenPos>true</FrozenPos>
		<InitialHandle>152659</InitialHandle>
	</Attachment>
	<Attachment>
		<IsCollisionProof>false</IsCollisionProof>
		<ModelHash>3292437613</ModelHash>
		<PositionRotation>
			<Z>95.53800201416</Z>
			<Y>4212.6918945312</Y>
			<X>120.38999938965</X>
			<Roll>0.0</Roll>
			<Yaw>-8.0010004043579</Yaw>
			<Pitch>0.0</Pitch>
		</PositionRotation>
		<HashName>stt_prop_stunt_track_sh15</HashName>
		<FrozenPos>true</FrozenPos>
		<InitialHandle>93547</InitialHandle>
	</Attachment>
	<Attachment>
		<IsCollisionProof>false</IsCollisionProof>
		<ModelHash>1125864094</ModelHash>
		<PositionRotation>
			<Z>127.79499816895</Z>
			<Y>4010.751953125</Y>
			<X>79.387001037598</X>
			<Roll>1.1419204473495</Roll>
			<Yaw>82.33519744873</Yaw>
			<Pitch>-29.03431892395</Pitch>
		</PositionRotation>
		<HashName>stt_prop_stunt_tube_xxs</HashName>
		<FrozenPos>true</FrozenPos>
		<InitialHandle>146747</InitialHandle>
	</Attachment>
	<Attachment>
		<IsCollisionProof>false</IsCollisionProof>
		<ModelHash>568446997</ModelHash>
		<PositionRotation>
			<Z>131.56700134277</Z>
			<Y>4008.4250488281</Y>
			<X>13.071999549866</X>
			<Roll>31.964979171753</Roll>
			<Yaw>84.489471435547</Yaw>
			<Pitch>-92.944557189941</Pitch>
		</PositionRotation>
		<HashName>stt_prop_stunt_bblock_huge_02</HashName>
		<FrozenPos>true</FrozenPos>
		<InitialHandle>36696</InitialHandle>
	</Attachment>
	<Attachment>
		<IsCollisionProof>false</IsCollisionProof>
		<ModelHash>1516660056</ModelHash>
		<PositionRotation>
			<Z>16.04400062561</Z>
			<Y>4438.0419921875</Y>
			<X>-683.95098876953</X>
			<Roll>-0.54879367351532</Roll>
			<Yaw>167.28706359863</Yaw>
			<Pitch>-1.5710719823837</Pitch>
		</PositionRotation>
		<HashName>stt_prop_track_bend_5d</HashName>
		<FrozenPos>true</FrozenPos>
		<InitialHandle>136565</InitialHandle>
	</Attachment>
	<Attachment>
		<IsCollisionProof>false</IsCollisionProof>
		<ModelHash>2138176025</ModelHash>
		<PositionRotation>
			<Z>121.13800048828</Z>
			<Y>4069.1469726562</Y>
			<X>77.234001159668</X>
			<Roll>1.1419204473495</Roll>
			<Yaw>82.33519744873</Yaw>
			<Pitch>-29.03431892395</Pitch>
		</PositionRotation>
		<HashName>stt_prop_stunt_tube_crn_30d</HashName>
		<FrozenPos>true</FrozenPos>
		<InitialHandle>34923</InitialHandle>
	</Attachment>
	<Attachment>
		<IsCollisionProof>false</IsCollisionProof>
		<ModelHash>3546397749</ModelHash>
		<PositionRotation>
			<Z>41.378326416016</Z>
			<Y>3758.8718261719</Y>
			<X>65.386161804199</X>
			<Roll>0.0</Roll>
			<Yaw>0.0</Yaw>
			<Pitch>0.0</Pitch>
		</PositionRotation>
		<HashName></HashName>
		<FrozenPos>true</FrozenPos>
		<InitialHandle>118390</InitialHandle>
	</Attachment>
	<Attachment>
		<IsCollisionProof>false</IsCollisionProof>
		<ModelHash>728247933</ModelHash>
		<PositionRotation>
			<Z>110.62999725342</Z>
			<Y>4001.2509765625</Y>
			<X>62.317001342773</X>
			<Roll>-4.7588701248169</Roll>
			<Yaw>21.451826095581</Yaw>
			<Pitch>-1.251314163208</Pitch>
		</PositionRotation>
		<HashName>stt_prop_tyre_wall_0r017</HashName>
		<FrozenPos>true</FrozenPos>
		<InitialHandle>163924</InitialHandle>
	</Attachment>
	<Attachment>
		<IsCollisionProof>false</IsCollisionProof>
		<ModelHash>3749387118</ModelHash>
		<PositionRotation>
			<Z>66.779998779297</Z>
			<Y>4292.6928710938</Y>
			<X>-1711.5369873047</X>
			<Roll>8.0000047683716</Roll>
			<Yaw>-148.20098876953</Yaw>
			<Pitch>180.0</Pitch>
		</PositionRotation>
		<HashName>stt_prop_hoop_small_01</HashName>
		<FrozenPos>true</FrozenPos>
		<InitialHandle>152433</InitialHandle>
	</Attachment>
	<Attachment>
		<IsCollisionProof>false</IsCollisionProof>
		<ModelHash>1431235846</ModelHash>
		<PositionRotation>
			<Z>65.318000793457</Z>
			<Y>4492.2788085938</Y>
			<X>-1866.0880126953</X>
			<Roll>-1.3996931314468</Roll>
			<Yaw>127.5993270874</Yaw>
			<Pitch>-1.2003582715988</Pitch>
		</PositionRotation>
		<HashName>stt_prop_track_slowdown_t1</HashName>
		<FrozenPos>true</FrozenPos>
		<InitialHandle>165147</InitialHandle>
	</Attachment>
	<Attachment>
		<IsCollisionProof>false</IsCollisionProof>
		<ModelHash>4119906142</ModelHash>
		<PositionRotation>
			<Z>52.145999908447</Z>
			<Y>4078.1940917969</Y>
			<X>409.28698730469</X>
			<Roll>0.0</Roll>
			<Yaw>-83.199996948242</Yaw>
			<Pitch>0.0</Pitch>
		</PositionRotation>
		<HashName>stt_prop_stunt_jump_loop</HashName>
		<FrozenPos>true</FrozenPos>
		<InitialHandle>158759</InitialHandle>
	</Attachment>
	<Attachment>
		<IsCollisionProof>false</IsCollisionProof>
		<ModelHash>4016528977</ModelHash>
		<PositionRotation>
			<Z>105.41999816895</Z>
			<Y>3987.0590820312</Y>
			<X>-20.198999404907</X>
			<Roll>-67.42658996582</Roll>
			<Yaw>-150.97496032715</Yaw>
			<Pitch>-160.90512084961</Pitch>
		</PositionRotation>
		<HashName>stt_prop_stunt_bblock_xl3</HashName>
		<FrozenPos>true</FrozenPos>
		<InitialHandle>100972</InitialHandle>
	</Attachment>
	<Attachment>
		<IsCollisionProof>false</IsCollisionProof>
		<ModelHash>4149900442</ModelHash>
		<PositionRotation>
			<Z>106.92500305176</Z>
			<Y>4538.3979492188</Y>
			<X>-1340.2180175781</X>
			<Roll>0.0</Roll>
			<Yaw>-22.799999237061</Yaw>
			<Pitch>0.0</Pitch>
		</PositionRotation>
		<HashName>stt_prop_stunt_track_dwslope30</HashName>
		<FrozenPos>true</FrozenPos>
		<InitialHandle>81493</InitialHandle>
	</Attachment>
	<Attachment>
		<IsCollisionProof>false</IsCollisionProof>
		<ModelHash>1431235846</ModelHash>
		<PositionRotation>
			<Z>141.04699707031</Z>
			<Y>4184.3081054688</Y>
			<X>113.827003479</X>
			<Roll>40.107872009277</Roll>
			<Yaw>-112.73544311523</Yaw>
			<Pitch>0.17781710624695</Pitch>
		</PositionRotation>
		<HashName>stt_prop_track_slowdown_t1</HashName>
		<FrozenPos>true</FrozenPos>
		<InitialHandle>9841</InitialHandle>
	</Attachment>
	<Attachment>
		<IsCollisionProof>false</IsCollisionProof>
		<ModelHash>3749387118</ModelHash>
		<PositionRotation>
			<Z>106.33100128174</Z>
			<Y>4239.5288085938</Y>
			<X>-1637.6929931641</X>
			<Roll>16.515857696533</Roll>
			<Yaw>-72.18017578125</Yaw>
			<Pitch>-176.1050567627</Pitch>
		</PositionRotation>
		<HashName>stt_prop_hoop_small_01</HashName>
		<FrozenPos>true</FrozenPos>
		<InitialHandle>166182</InitialHandle>
	</Attachment>
	<Attachment>
		<IsCollisionProof>false</IsCollisionProof>
		<ModelHash>3749387118</ModelHash>
		<PositionRotation>
			<Z>86.735000610352</Z>
			<Y>4214.3979492188</Y>
			<X>-1672.3050537109</X>
			<Roll>16.515857696533</Roll>
			<Yaw>-72.18017578125</Yaw>
			<Pitch>-176.1050567627</Pitch>
		</PositionRotation>
		<HashName>stt_prop_hoop_small_01</HashName>
		<FrozenPos>true</FrozenPos>
		<InitialHandle>43628</InitialHandle>
	</Attachment>
	<Attachment>
		<IsCollisionProof>false</IsCollisionProof>
		<ModelHash>100090969</ModelHash>
		<PositionRotation>
			<Z>122.62300109863</Z>
			<Y>4623.6538085938</Y>
			<X>-1304.3759765625</X>
			<Roll>-0.0</Roll>
			<Yaw>157.19999694824</Yaw>
			<Pitch>0.0</Pitch>
		</PositionRotation>
		<HashName>stt_prop_stunt_track_dwlink</HashName>
		<FrozenPos>true</FrozenPos>
		<InitialHandle>173152</InitialHandle>
	</Attachment>
	<Attachment>
		<IsCollisionProof>false</IsCollisionProof>
		<ModelHash>3453068267</ModelHash>
		<PositionRotation>
			<Z>23.295999526978</Z>
			<Y>3962.8869628906</Y>
			<X>392.65701293945</X>
			<Roll>0.0</Roll>
			<Yaw>-83.000999450684</Yaw>
			<Pitch>0.0</Pitch>
		</PositionRotation>
		<HashName>stt_prop_stunt_track_turn</HashName>
		<FrozenPos>true</FrozenPos>
		<InitialHandle>176995</InitialHandle>
	</Attachment>
	<Attachment>
		<IsCollisionProof>false</IsCollisionProof>
		<ModelHash>1516660056</ModelHash>
		<PositionRotation>
			<Z>16.413999557495</Z>
			<Y>4444.966796875</Y>
			<X>-735.41302490234</X>
			<Roll>-0.40983757376671</Roll>
			<Yaw>172.28454589844</Yaw>
			<Pitch>-1.6130415201187</Pitch>
		</PositionRotation>
		<HashName>stt_prop_track_bend_5d</HashName>
		<FrozenPos>true</FrozenPos>
		<InitialHandle>23339</InitialHandle>
	</Attachment>
	<Attachment>
		<IsCollisionProof>false</IsCollisionProof>
		<ModelHash>3453068267</ModelHash>
		<PositionRotation>
			<Z>163.63400268555</Z>
			<Y>4674.1118164062</Y>
			<X>-1249.8669433594</X>
			<Roll>0.0</Roll>
			<Yaw>67.199996948242</Yaw>
			<Pitch>0.0</Pitch>
		</PositionRotation>
		<HashName>stt_prop_stunt_track_turn</HashName>
		<FrozenPos>true</FrozenPos>
		<InitialHandle>22619</InitialHandle>
	</Attachment>
	<Attachment>
		<IsCollisionProof>false</IsCollisionProof>
		<ModelHash>1431235846</ModelHash>
		<PositionRotation>
			<Z>63.254001617432</Z>
			<Y>4399.419921875</Y>
			<X>-1627.1440429688</X>
			<Roll>-5.3360846408168e-08</Roll>
			<Yaw>-22.600999832153</Yaw>
			<Pitch>1.2000000476837</Pitch>
		</PositionRotation>
		<HashName>stt_prop_track_slowdown_t1</HashName>
		<FrozenPos>true</FrozenPos>
		<InitialHandle>71250</InitialHandle>
	</Attachment>
	<Attachment>
		<IsCollisionProof>false</IsCollisionProof>
		<ModelHash>1431235846</ModelHash>
		<PositionRotation>
			<Z>172.58700561523</Z>
			<Y>4597.453125</Y>
			<X>-1320.6140136719</X>
			<Roll>-0.0</Roll>
			<Yaw>-113.19999694824</Yaw>
			<Pitch>0.0</Pitch>
		</PositionRotation>
		<HashName>stt_prop_track_slowdown_t1</HashName>
		<FrozenPos>true</FrozenPos>
		<InitialHandle>116823</InitialHandle>
	</Attachment>
	<Attachment>
		<IsCollisionProof>false</IsCollisionProof>
		<ModelHash>2077585881</ModelHash>
		<PositionRotation>
			<Z>172.4940032959</Z>
			<Y>4675.9072265625</Y>
			<X>-1185.8570556641</X>
			<Roll>-0.0</Roll>
			<Yaw>127.19999694824</Yaw>
			<Pitch>0.0</Pitch>
		</PositionRotation>
		<HashName>stt_prop_track_bend_30d</HashName>
		<FrozenPos>true</FrozenPos>
		<InitialHandle>5949</InitialHandle>
	</Attachment>
	<Attachment>
		<IsCollisionProof>false</IsCollisionProof>
		<ModelHash>3855610836</ModelHash>
		<PositionRotation>
			<Z>32.15599822998</Z>
			<Y>4229.3530273438</Y>
			<X>-170.58700561523</X>
			<Roll>-0.0</Roll>
			<Yaw>111.99900054932</Yaw>
			<Pitch>0.0</Pitch>
		</PositionRotation>
		<HashName>stt_prop_track_bend_15d</HashName>
		<FrozenPos>true</FrozenPos>
		<InitialHandle>41328</InitialHandle>
	</Attachment>
	<Attachment>
		<IsCollisionProof>false</IsCollisionProof>
		<ModelHash>3749387118</ModelHash>
		<PositionRotation>
			<Z>73.71199798584</Z>
			<Y>4295.3041992188</Y>
			<X>-1685.708984375</X>
			<Roll>16.515857696533</Roll>
			<Yaw>-72.18017578125</Yaw>
			<Pitch>-176.1050567627</Pitch>
		</PositionRotation>
		<HashName>stt_prop_hoop_small_01</HashName>
		<FrozenPos>true</FrozenPos>
		<InitialHandle>143223</InitialHandle>
	</Attachment>
	<Attachment>
		<IsCollisionProof>false</IsCollisionProof>
		<ModelHash>430430733</ModelHash>
		<PositionRotation>
			<Z>147.1490020752</Z>
			<Y>4270.2612304688</Y>
			<X>340.51000976562</X>
			<Roll>0.0</Roll>
			<Yaw>6.9990000724792</Yaw>
			<Pitch>0.0</Pitch>
		</PositionRotation>
		<HashName>stt_prop_stunt_track_uturn</HashName>
		<FrozenPos>true</FrozenPos>
		<InitialHandle>122470</InitialHandle>
	</Attachment>
	<Attachment>
		<IsCollisionProof>false</IsCollisionProof>
		<ModelHash>3855610836</ModelHash>
		<PositionRotation>
			<Z>32.15599822998</Z>
			<Y>4268.6372070312</Y>
			<X>-200.67500305176</X>
			<Roll>-0.0</Roll>
			<Yaw>126.99899291992</Yaw>
			<Pitch>0.0</Pitch>
		</PositionRotation>
		<HashName>stt_prop_track_bend_15d</HashName>
		<FrozenPos>true</FrozenPos>
		<InitialHandle>117049</InitialHandle>
	</Attachment>
	<Attachment>
		<IsCollisionProof>false</IsCollisionProof>
		<ModelHash>3855610836</ModelHash>
		<PositionRotation>
			<Z>16.599000930786</Z>
			<Y>4445.4331054688</Y>
			<X>-787.10797119141</X>
			<Roll>-0.26789000630379</Roll>
			<Yaw>177.28266906738</Yaw>
			<Pitch>-1.6420180797577</Pitch>
		</PositionRotation>
		<HashName>stt_prop_track_bend_15d</HashName>
		<FrozenPos>true</FrozenPos>
		<InitialHandle>154202</InitialHandle>
	</Attachment>
	<Attachment>
		<IsCollisionProof>false</IsCollisionProof>
		<ModelHash>3855610836</ModelHash>
		<PositionRotation>
			<Z>16.444000244141</Z>
			<Y>4434.5322265625</Y>
			<X>-835.375</X>
			<Roll>0.16693025827408</Roll>
			<Yaw>-167.72282409668</Yaw>
			<Pitch>-1.6560070514679</Pitch>
		</PositionRotation>
		<HashName>stt_prop_track_bend_15d</HashName>
		<FrozenPos>true</FrozenPos>
		<InitialHandle>102264</InitialHandle>
	</Attachment>
	<Attachment>
		<IsCollisionProof>false</IsCollisionProof>
		<ModelHash>3292437613</ModelHash>
		<PositionRotation>
			<Z>95.53800201416</Z>
			<Y>4197.880859375</Y>
			<X>118.83499908447</X>
			<Roll>0.0</Roll>
			<Yaw>-23.000999450684</Yaw>
			<Pitch>0.0</Pitch>
		</PositionRotation>
		<HashName>stt_prop_stunt_track_sh15</HashName>
		<FrozenPos>true</FrozenPos>
		<InitialHandle>112977</InitialHandle>
	</Attachment>
	<Attachment>
		<IsCollisionProof>false</IsCollisionProof>
		<ModelHash>2077585881</ModelHash>
		<PositionRotation>
			<Z>172.4940032959</Z>
			<Y>4640.4501953125</Y>
			<X>-1157.2299804688</X>
			<Roll>-0.0</Roll>
			<Yaw>97.199996948242</Yaw>
			<Pitch>0.0</Pitch>
		</PositionRotation>
		<HashName>stt_prop_track_bend_30d</HashName>
		<FrozenPos>true</FrozenPos>
		<InitialHandle>38968</InitialHandle>
	</Attachment>
	<Attachment>
		<IsCollisionProof>false</IsCollisionProof>
		<ModelHash>430430733</ModelHash>
		<PositionRotation>
			<Z>147.1490020752</Z>
			<Y>4212.080078125</Y>
			<X>256.94400024414</X>
			<Roll>-0.0</Roll>
			<Yaw>-173.00100708008</Yaw>
			<Pitch>0.0</Pitch>
		</PositionRotation>
		<HashName>stt_prop_stunt_track_uturn</HashName>
		<FrozenPos>true</FrozenPos>
		<InitialHandle>163697</InitialHandle>
	</Attachment>
	<Attachment>
		<IsCollisionProof>false</IsCollisionProof>
		<ModelHash>3855610836</ModelHash>
		<PositionRotation>
			<Z>32.15599822998</Z>
			<Y>4301.498046875</Y>
			<X>-234.07699584961</X>
			<Roll>0.0</Roll>
			<Yaw>-53.001003265381</Yaw>
			<Pitch>0.0</Pitch>
		</PositionRotation>
		<HashName>stt_prop_track_bend_15d</HashName>
		<FrozenPos>true</FrozenPos>
		<InitialHandle>154491</InitialHandle>
	</Attachment>
	<Attachment>
		<IsCollisionProof>false</IsCollisionProof>
		<ModelHash>3749387118</ModelHash>
		<PositionRotation>
			<Z>98.741996765137</Z>
			<Y>4212.7080078125</Y>
			<X>-1637.873046875</X>
			<Roll>-2.5278339385986</Roll>
			<Yaw>176.02659606934</Yaw>
			<Pitch>163.22718811035</Pitch>
		</PositionRotation>
		<HashName>stt_prop_hoop_small_01</HashName>
		<FrozenPos>true</FrozenPos>
		<InitialHandle>105014</InitialHandle>
	</Attachment>
	<Attachment>
		<IsCollisionProof>false</IsCollisionProof>
		<ModelHash>1516660056</ModelHash>
		<PositionRotation>
			<Z>172.4940032959</Z>
			<Y>4589.869140625</Y>
			<X>-1144.4599609375</X>
			<Roll>0.0</Roll>
			<Yaw>-82.800003051758</Yaw>
			<Pitch>0.0</Pitch>
		</PositionRotation>
		<HashName>stt_prop_track_bend_5d</HashName>
		<FrozenPos>true</FrozenPos>
		<InitialHandle>129893</InitialHandle>
	</Attachment>
	<Attachment>
		<IsCollisionProof>false</IsCollisionProof>
		<ModelHash>4067811127</ModelHash>
		<PositionRotation>
			<Z>93.638999938965</Z>
			<Y>4368.0200195312</Y>
			<X>-1412.3509521484</X>
			<Roll>0.3999981880188</Roll>
			<Yaw>156.59985351562</Yaw>
			<Pitch>179.97900390625</Pitch>
		</PositionRotation>
		<HashName>stt_prop_hoop_tyre_01a</HashName>
		<FrozenPos>true</FrozenPos>
		<InitialHandle>175965</InitialHandle>
	</Attachment>
	<Attachment>
		<IsCollisionProof>false</IsCollisionProof>
		<ModelHash>2975572692</ModelHash>
		<PositionRotation>
			<Z>-17.715000152588</Z>
			<Y>4332.57421875</Y>
			<X>-261.30499267578</X>
			<Roll>0.0</Roll>
			<Yaw>36.999000549316</Yaw>
			<Pitch>0.0</Pitch>
		</PositionRotation>
		<HashName>stt_prop_stunt_track_link</HashName>
		<FrozenPos>true</FrozenPos>
		<InitialHandle>89709</InitialHandle>
	</Attachment>
	<Attachment>
		<IsCollisionProof>false</IsCollisionProof>
		<ModelHash>1120812170</ModelHash>
		<PositionRotation>
			<Z>24.537815093994</Z>
			<Y>3856.7932128906</Y>
			<X>59.051490783691</X>
			<Roll>-0.0</Roll>
			<Yaw>177.48497009277</Yaw>
			<Pitch>0.0</Pitch>
		</PositionRotation>
		<HashName>prop_rub_carwreck_9</HashName>
		<FrozenPos>true</FrozenPos>
		<InitialHandle>121695</InitialHandle>
	</Attachment>
	<Attachment>
		<IsCollisionProof>false</IsCollisionProof>
		<ModelHash>3749387118</ModelHash>
		<PositionRotation>
			<Z>75.21199798584</Z>
			<Y>4256.865234375</Y>
			<X>-1690.8890380859</X>
			<Roll>16.515857696533</Roll>
			<Yaw>-72.18017578125</Yaw>
			<Pitch>-176.1050567627</Pitch>
		</PositionRotation>
		<HashName>stt_prop_hoop_small_01</HashName>
		<FrozenPos>true</FrozenPos>
		<InitialHandle>83518</InitialHandle>
	</Attachment>
	<Attachment>
		<IsCollisionProof>false</IsCollisionProof>
		<ModelHash>1516660056</ModelHash>
		<PositionRotation>
			<Z>14.774000167847</Z>
			<Y>4413.166015625</Y>
			<X>-880.28002929688</X>
			<Roll>3.1888225078583</Roll>
			<Yaw>-152.79971313477</Yaw>
			<Pitch>-1.5584135055542</Pitch>
		</PositionRotation>
		<HashName>stt_prop_track_bend_5d</HashName>
		<FrozenPos>true</FrozenPos>
		<InitialHandle>55895</InitialHandle>
	</Attachment>
	<Attachment>
		<IsCollisionProof>false</IsCollisionProof>
		<ModelHash>1516660056</ModelHash>
		<PositionRotation>
			<Z>172.4940032959</Z>
			<Y>4539.125</Y>
			<X>-1133.4420166016</X>
			<Roll>0.0</Roll>
			<Yaw>-77.800003051758</Yaw>
			<Pitch>0.0</Pitch>
		</PositionRotation>
		<HashName>stt_prop_track_bend_5d</HashName>
		<FrozenPos>true</FrozenPos>
		<InitialHandle>52073</InitialHandle>
	</Attachment>
	<Attachment>
		<IsCollisionProof>false</IsCollisionProof>
		<ModelHash>2964948676</ModelHash>
		<PositionRotation>
			<Z>122.62200164795</Z>
			<Y>4421.3569335938</Y>
			<X>-1098.0909423828</X>
			<Roll>0.0</Roll>
			<Yaw>17.200000762939</Yaw>
			<Pitch>0.0</Pitch>
		</PositionRotation>
		<HashName>stt_prop_stunt_track_funlng</HashName>
		<FrozenPos>true</FrozenPos>
		<InitialHandle>68979</InitialHandle>
	</Attachment>
	<Attachment>
		<IsCollisionProof>false</IsCollisionProof>
		<ModelHash>3749387118</ModelHash>
		<PositionRotation>
			<Z>84.680999755859</Z>
			<Y>4219.6547851562</Y>
			<X>-1643.0109863281</X>
			<Roll>-16.957002639771</Roll>
			<Yaw>94.250465393066</Yaw>
			<Pitch>-179.97073364258</Pitch>
		</PositionRotation>
		<HashName>stt_prop_hoop_small_01</HashName>
		<FrozenPos>true</FrozenPos>
		<InitialHandle>130572</InitialHandle>
	</Attachment>
	<Attachment>
		<IsCollisionProof>false</IsCollisionProof>
		<ModelHash>4067811127</ModelHash>
		<PositionRotation>
			<Z>95.181999206543</Z>
			<Y>4276.0498046875</Y>
			<X>-1450.6800537109</X>
			<Roll>0.3999981880188</Roll>
			<Yaw>156.59985351562</Yaw>
			<Pitch>179.97900390625</Pitch>
		</PositionRotation>
		<HashName>stt_prop_hoop_tyre_01a</HashName>
		<FrozenPos>true</FrozenPos>
		<InitialHandle>15151</InitialHandle>
	</Attachment>
	<Attachment>
		<IsCollisionProof>false</IsCollisionProof>
		<ModelHash>3312800118</ModelHash>
		<PositionRotation>
			<Z>120.20400238037</Z>
			<Y>4270.8989257812</Y>
			<X>-1051.5240478516</X>
			<Roll>0.0</Roll>
			<Yaw>17.200000762939</Yaw>
			<Pitch>0.0</Pitch>
		</PositionRotation>
		<HashName>stt_prop_stunt_track_slope30</HashName>
		<FrozenPos>true</FrozenPos>
		<InitialHandle>113491</InitialHandle>
	</Attachment>
	<Attachment>
		<IsCollisionProof>false</IsCollisionProof>
		<ModelHash>2481871486</ModelHash>
		<PositionRotation>
			<Z>27.458999633789</Z>
			<Y>4423.0380859375</Y>
			<X>-549.72900390625</X>
			<Roll>0.0</Roll>
			<Yaw>-2.0</Yaw>
			<Pitch>0.0</Pitch>
		</PositionRotation>
		<HashName>stt_prop_race_gantry_01</HashName>
		<FrozenPos>true</FrozenPos>
		<InitialHandle>124740</InitialHandle>
	</Attachment>
	<Attachment>
		<IsCollisionProof>false</IsCollisionProof>
		<ModelHash>4082372712</ModelHash>
		<PositionRotation>
			<Z>60.929000854492</Z>
			<Y>4399.6748046875</Y>
			<X>-1095.6209716797</X>
			<Roll>-0.0</Roll>
			<Yaw>-162.80099487305</Yaw>
			<Pitch>0.0</Pitch>
		</PositionRotation>
		<HashName>stt_prop_stunt_track_cutout</HashName>
		<FrozenPos>true</FrozenPos>
		<InitialHandle>35954</InitialHandle>
	</Attachment>
	<Attachment>
		<IsCollisionProof>false</IsCollisionProof>
		<ModelHash>953286133</ModelHash>
		<PositionRotation>
			<Z>138.18899536133</Z>
			<Y>4012.9409179688</Y>
			<X>-696.07299804688</X>
			<Roll>-0.0</Roll>
			<Yaw>74.400001525879</Yaw>
			<Pitch>9.4000005722046</Pitch>
		</PositionRotation>
		<HashName>stt_prop_stunt_bblock_huge_05</HashName>
		<FrozenPos>true</FrozenPos>
		<InitialHandle>102458</InitialHandle>
	</Attachment>
	<Attachment>
		<IsCollisionProof>false</IsCollisionProof>
		<ModelHash>953286133</ModelHash>
		<PositionRotation>
			<Z>107.43499755859</Z>
			<Y>3951.9799804688</Y>
			<X>-521.00500488281</X>
			<Roll>-0.0</Roll>
			<Yaw>74.400001525879</Yaw>
			<Pitch>9.4000005722046</Pitch>
		</PositionRotation>
		<HashName>stt_prop_stunt_bblock_huge_05</HashName>
		<FrozenPos>true</FrozenPos>
		<InitialHandle>98353</InitialHandle>
	</Attachment>
	<Attachment>
		<IsCollisionProof>false</IsCollisionProof>
		<ModelHash>923541625</ModelHash>
		<PositionRotation>
			<Z>109.48600006104</Z>
			<Y>3986.1040039062</Y>
			<X>-176.96000671387</X>
			<Roll>0.0</Roll>
			<Yaw>-43.799999237061</Yaw>
			<Pitch>0.0</Pitch>
		</PositionRotation>
		<HashName>stt_prop_track_bend2_l_b</HashName>
		<FrozenPos>true</FrozenPos>
		<InitialHandle>85085</InitialHandle>
	</Attachment>
	<Attachment>
		<IsCollisionProof>false</IsCollisionProof>
		<ModelHash>430430733</ModelHash>
		<PositionRotation>
			<Z>138.36500549316</Z>
			<Y>3965.4230957031</Y>
			<X>-213.87699890137</X>
			<Roll>0.20157764852047</Roll>
			<Yaw>-87.001022338867</Yaw>
			<Pitch>-90.013168334961</Pitch>
		</PositionRotation>
		<HashName>stt_prop_stunt_track_uturn</HashName>
		<FrozenPos>true</FrozenPos>
		<InitialHandle>45684</InitialHandle>
	</Attachment>
	<Attachment>
		<IsCollisionProof>false</IsCollisionProof>
		<ModelHash>3749387118</ModelHash>
		<PositionRotation>
			<Z>81.623001098633</Z>
			<Y>4195.6040039062</Y>
			<X>-1554.0009765625</X>
			<Roll>-5.8078713417053</Roll>
			<Yaw>23.839406967163</Yaw>
			<Pitch>-164.04090881348</Pitch>
		</PositionRotation>
		<HashName>stt_prop_hoop_small_01</HashName>
		<FrozenPos>true</FrozenPos>
		<InitialHandle>45390</InitialHandle>
	</Attachment>
	<Attachment>
		<IsCollisionProof>false</IsCollisionProof>
		<ModelHash>923541625</ModelHash>
		<PositionRotation>
			<Z>107.67099761963</Z>
			<Y>3974.4641113281</Y>
			<X>-341.61401367188</X>
			<Roll>-4.9999995231628</Roll>
			<Yaw>-33.601001739502</Yaw>
			<Pitch>0.0</Pitch>
		</PositionRotation>
		<HashName>stt_prop_track_bend2_l_b</HashName>
		<FrozenPos>true</FrozenPos>
		<InitialHandle>82289</InitialHandle>
	</Attachment>
	<Attachment>
		<IsCollisionProof>false</IsCollisionProof>
		<ModelHash>3749387118</ModelHash>
		<PositionRotation>
			<Z>67.516998291016</Z>
			<Y>4223.8837890625</Y>
			<X>-1528.2469482422</X>
			<Roll>-5.8078713417053</Roll>
			<Yaw>23.839406967163</Yaw>
			<Pitch>-164.04090881348</Pitch>
		</PositionRotation>
		<HashName>stt_prop_hoop_small_01</HashName>
		<FrozenPos>true</FrozenPos>
		<InitialHandle>75066</InitialHandle>
	</Attachment>
	<Attachment>
		<IsCollisionProof>false</IsCollisionProof>
		<ModelHash>1337911167</ModelHash>
		<PositionRotation>
			<Z>145.46299743652</Z>
			<Y>4116.4599609375</Y>
			<X>83.289001464844</X>
			<Roll>0.0</Roll>
			<Yaw>61.999000549316</Yaw>
			<Pitch>0.0</Pitch>
		</PositionRotation>
		<HashName>stt_prop_stunt_tube_crn_5d</HashName>
		<FrozenPos>true</FrozenPos>
		<InitialHandle>144743</InitialHandle>
	</Attachment>
	<Attachment>
		<IsCollisionProof>false</IsCollisionProof>
		<ModelHash>1125864094</ModelHash>
		<PositionRotation>
			<Z>45.626998901367</Z>
			<Y>3999.6809082031</Y>
			<X>419.05801391602</X>
			<Roll>-0.0</Roll>
			<Yaw>96.999000549316</Yaw>
			<Pitch>0.0</Pitch>
		</PositionRotation>
		<HashName>stt_prop_stunt_tube_xxs</HashName>
		<FrozenPos>true</FrozenPos>
		<InitialHandle>51010</InitialHandle>
	</Attachment>
	<Attachment>
		<IsCollisionProof>false</IsCollisionProof>
		<ModelHash>430430733</ModelHash>
		<PositionRotation>
			<Z>138.62100219727</Z>
			<Y>3974.33203125</Y>
			<X>-42.096000671387</X>
			<Roll>0.19957381486893</Roll>
			<Yaw>-87.001014709473</Yaw>
			<Pitch>-90.013038635254</Pitch>
		</PositionRotation>
		<HashName>stt_prop_stunt_track_uturn</HashName>
		<FrozenPos>true</FrozenPos>
		<InitialHandle>44133</InitialHandle>
	</Attachment>
	<Attachment>
		<IsCollisionProof>false</IsCollisionProof>
		<ModelHash>1431235846</ModelHash>
		<PositionRotation>
			<Z>172.58700561523</Z>
			<Y>4593.541015625</Y>
			<X>-1311.4940185547</X>
			<Roll>-0.0</Roll>
			<Yaw>-113.19999694824</Yaw>
			<Pitch>0.0</Pitch>
		</PositionRotation>
		<HashName>stt_prop_track_slowdown_t1</HashName>
		<FrozenPos>true</FrozenPos>
		<InitialHandle>129661</InitialHandle>
	</Attachment>
	<Attachment>
		<IsCollisionProof>false</IsCollisionProof>
		<ModelHash>923541625</ModelHash>
		<PositionRotation>
			<Z>102.0299987793</Z>
			<Y>3970.6560058594</Y>
			<X>-443.49499511719</X>
			<Roll>2.8000001907349</Roll>
			<Yaw>146.3990020752</Yaw>
			<Pitch>1.0684925655369e-07</Pitch>
		</PositionRotation>
		<HashName>stt_prop_track_bend2_l_b</HashName>
		<FrozenPos>true</FrozenPos>
		<InitialHandle>1885</InitialHandle>
	</Attachment>
	<Attachment>
		<IsCollisionProof>false</IsCollisionProof>
		<ModelHash>1877510934</ModelHash>
		<PositionRotation>
			<Z>121.99600219727</Z>
			<Y>3947.7419433594</Y>
			<X>-552.26599121094</X>
			<Roll>-88.600723266602</Roll>
			<Yaw>-105.01341247559</Yaw>
			<Pitch>-15.587014198303</Pitch>
		</PositionRotation>
		<HashName>stt_prop_tyre_wall_01</HashName>
		<FrozenPos>true</FrozenPos>
		<InitialHandle>61011</InitialHandle>
	</Attachment>
	<Attachment>
		<IsCollisionProof>false</IsCollisionProof>
		<ModelHash>3855610836</ModelHash>
		<PositionRotation>
			<Z>12.041999816895</Z>
			<Y>4390.3911132812</Y>
			<X>-923.43597412109</X>
			<Roll>-2.8690958023071</Roll>
			<Yaw>17.191408157349</Yaw>
			<Pitch>2.0886189937592</Pitch>
		</PositionRotation>
		<HashName>stt_prop_track_bend_15d</HashName>
		<FrozenPos>true</FrozenPos>
		<InitialHandle>64561</InitialHandle>
	</Attachment>
	<Attachment>
		<IsCollisionProof>false</IsCollisionProof>
		<ModelHash>3749387118</ModelHash>
		<PositionRotation>
			<Z>67.052001953125</Z>
			<Y>4211.0087890625</Y>
			<X>-1506.375</X>
			<Roll>-5.8078713417053</Roll>
			<Yaw>23.839406967163</Yaw>
			<Pitch>-164.04090881348</Pitch>
		</PositionRotation>
		<HashName>stt_prop_hoop_small_01</HashName>
		<FrozenPos>true</FrozenPos>
		<InitialHandle>155488</InitialHandle>
	</Attachment>
	<Attachment>
		<IsCollisionProof>false</IsCollisionProof>
		<ModelHash>2077585881</ModelHash>
		<PositionRotation>
			<Z>10.451000213623</Z>
			<Y>4377.4111328125</Y>
			<X>-968.00402832031</X>
			<Roll>0.28877884149551</Roll>
			<Yaw>-12.713694572449</Yaw>
			<Pitch>2.2420287132263</Pitch>
		</PositionRotation>
		<HashName>stt_prop_track_bend_30d</HashName>
		<FrozenPos>true</FrozenPos>
		<InitialHandle>71753</InitialHandle>
	</Attachment>
	<Attachment>
		<IsCollisionProof>false</IsCollisionProof>
		<ModelHash>3515328436</ModelHash>
		<PositionRotation>
			<Z>84.252998352051</Z>
			<Y>4573.7109375</Y>
			<X>-1865.1390380859</X>
			<Roll>-5.6987881660461</Roll>
			<Yaw>173.60641479492</Yaw>
			<Pitch>-7.29625415802</Pitch>
		</PositionRotation>
		<HashName>stt_prop_stunt_tube_crn</HashName>
		<FrozenPos>true</FrozenPos>
		<InitialHandle>71006</InitialHandle>
	</Attachment>
	<Attachment>
		<IsCollisionProof>false</IsCollisionProof>
		<ModelHash>1516660056</ModelHash>
		<PositionRotation>
			<Z>10.465000152588</Z>
			<Y>4382.6381835938</Y>
			<X>-1019.9099731445</X>
			<Roll>-0.28877875208855</Roll>
			<Yaw>167.28630065918</Yaw>
			<Pitch>-2.2420287132263</Pitch>
		</PositionRotation>
		<HashName>stt_prop_track_bend_5d</HashName>
		<FrozenPos>true</FrozenPos>
		<InitialHandle>125769</InitialHandle>
	</Attachment>
	<Attachment>
		<IsCollisionProof>false</IsCollisionProof>
		<ModelHash>4082372712</ModelHash>
		<PositionRotation>
			<Z>-17.791000366211</Z>
			<Y>4380.4921875</Y>
			<X>-297.41400146484</X>
			<Roll>0.0</Roll>
			<Yaw>36.999000549316</Yaw>
			<Pitch>0.0</Pitch>
		</PositionRotation>
		<HashName>stt_prop_stunt_track_cutout</HashName>
		<FrozenPos>true</FrozenPos>
		<InitialHandle>73012</InitialHandle>
	</Attachment>
	<Attachment>
		<IsCollisionProof>false</IsCollisionProof>
		<ModelHash>1516660056</ModelHash>
		<PositionRotation>
			<Z>10.630999565125</Z>
			<Y>4391.5888671875</Y>
			<X>-1070.0720214844</X>
			<Roll>0.28877884149551</Roll>
			<Yaw>-12.713694572449</Yaw>
			<Pitch>2.2420287132263</Pitch>
		</PositionRotation>
		<HashName>stt_prop_track_bend_5d</HashName>
		<FrozenPos>true</FrozenPos>
		<InitialHandle>76376</InitialHandle>
	</Attachment>
	<Attachment>
		<IsCollisionProof>false</IsCollisionProof>
		<ModelHash>3453068267</ModelHash>
		<PositionRotation>
			<Z>129.08000183105</Z>
			<Y>3990.9919433594</Y>
			<X>11.265000343323</X>
			<Roll>85.337463378906</Roll>
			<Yaw>15.456165313721</Yaw>
			<Pitch>13.356789588928</Pitch>
		</PositionRotation>
		<HashName>stt_prop_stunt_track_turn</HashName>
		<FrozenPos>true</FrozenPos>
		<InitialHandle>61275</InitialHandle>
	</Attachment>
	<Attachment>
		<IsCollisionProof>false</IsCollisionProof>
		<ModelHash>3453068267</ModelHash>
		<PositionRotation>
			<Z>127.88999938965</Z>
			<Y>3963.3579101562</Y>
			<X>-1.2269999980927</X>
			<Roll>85.082069396973</Roll>
			<Yaw>6.639711856842</Yaw>
			<Pitch>-177.68978881836</Pitch>
		</PositionRotation>
		<HashName>stt_prop_stunt_track_turn</HashName>
		<FrozenPos>true</FrozenPos>
		<InitialHandle>132712</InitialHandle>
	</Attachment>
	<Attachment>
		<IsCollisionProof>false</IsCollisionProof>
		<ModelHash>3906373800</ModelHash>
		<PositionRotation>
			<Z>83.167999267578</Z>
			<Y>4418.455078125</Y>
			<X>-1390.7619628906</X>
			<Roll>-29.996999740601</Roll>
			<Yaw>67.199996948242</Yaw>
			<Pitch>9.8582302143768e-07</Pitch>
		</PositionRotation>
		<HashName>stt_prop_track_speedup_t1</HashName>
		<FrozenPos>true</FrozenPos>
		<InitialHandle>156743</InitialHandle>
	</Attachment>
	<Attachment>
		<IsCollisionProof>false</IsCollisionProof>
		<ModelHash>3749387118</ModelHash>
		<PositionRotation>
			<Z>87.535003662109</Z>
			<Y>4250.9750976562</Y>
			<X>-1641.9379882812</X>
			<Roll>16.515857696533</Roll>
			<Yaw>-72.18017578125</Yaw>
			<Pitch>-176.1050567627</Pitch>
		</PositionRotation>
		<HashName>stt_prop_hoop_small_01</HashName>
		<FrozenPos>true</FrozenPos>
		<InitialHandle>134200</InitialHandle>
	</Attachment>
	<Attachment>
		<IsCollisionProof>false</IsCollisionProof>
		<ModelHash>3855610836</ModelHash>
		<PositionRotation>
			<Z>10.734000205994</Z>
			<Y>4399.1220703125</Y>
			<X>-1122.3740234375</X>
			<Roll>-0.28877875208855</Roll>
			<Yaw>167.28630065918</Yaw>
			<Pitch>-2.2420287132263</Pitch>
		</PositionRotation>
		<HashName>stt_prop_track_bend_15d</HashName>
		<FrozenPos>true</FrozenPos>
		<InitialHandle>94075</InitialHandle>
	</Attachment>
	<Attachment>
		<IsCollisionProof>false</IsCollisionProof>
		<ModelHash>3515328436</ModelHash>
		<PositionRotation>
			<Z>127.57299804688</Z>
			<Y>3972.7338867188</Y>
			<X>54.487998962402</X>
			<Roll>-3.0333967208862</Roll>
			<Yaw>-7.6044750213623</Yaw>
			<Pitch>-1.1436026096344</Pitch>
		</PositionRotation>
		<HashName>stt_prop_stunt_tube_crn</HashName>
		<FrozenPos>true</FrozenPos>
		<InitialHandle>24945</InitialHandle>
	</Attachment>
	<Attachment>
		<IsCollisionProof>false</IsCollisionProof>
		<ModelHash>3855610836</ModelHash>
		<PositionRotation>
			<Z>9.1789999008179</Z>
			<Y>4396.8217773438</Y>
			<X>-1171.7609863281</X>
			<Roll>3.0986256599426</Roll>
			<Yaw>-177.83538818359</Yaw>
			<Pitch>-2.2442827224731</Pitch>
		</PositionRotation>
		<HashName>stt_prop_track_bend_15d</HashName>
		<FrozenPos>true</FrozenPos>
		<InitialHandle>800</InitialHandle>
	</Attachment>
	<Attachment>
		<IsCollisionProof>false</IsCollisionProof>
		<ModelHash>1516660056</ModelHash>
		<PositionRotation>
			<Z>7.2950000762939</Z>
			<Y>4385.9790039062</Y>
			<X>-1219.3709716797</X>
			<Roll>-1.051658987999</Roll>
			<Yaw>12.240212440491</Yaw>
			<Pitch>1.4592461585999</Pitch>
		</PositionRotation>
		<HashName>stt_prop_track_bend_5d</HashName>
		<FrozenPos>true</FrozenPos>
		<InitialHandle>109426</InitialHandle>
	</Attachment>
	<Attachment>
		<IsCollisionProof>false</IsCollisionProof>
		<ModelHash>110106994</ModelHash>
		<PositionRotation>
			<Z>135.25199890137</Z>
			<Y>3978.3110351562</Y>
			<X>92.782997131348</X>
			<Roll>0.79699856042862</Roll>
			<Yaw>85.799995422363</Yaw>
			<Pitch>-90.0</Pitch>
		</PositionRotation>
		<HashName>stt_prop_stunt_bblock_huge_04</HashName>
		<FrozenPos>true</FrozenPos>
		<InitialHandle>102994</InitialHandle>
	</Attachment>
	<Attachment>
		<IsCollisionProof>false</IsCollisionProof>
		<ModelHash>138278167</ModelHash>
		<PositionRotation>
			<Z>144.92500305176</Z>
			<Y>4062.4270019531</Y>
			<X>52.985000610352</X>
			<Roll>-6.4909405708313</Roll>
			<Yaw>17.36971282959</Yaw>
			<Pitch>-6.5330595970154</Pitch>
		</PositionRotation>
		<HashName>stt_prop_stunt_tube_crn2</HashName>
		<FrozenPos>true</FrozenPos>
		<InitialHandle>109163</InitialHandle>
	</Attachment>
	<Attachment>
		<IsCollisionProof>false</IsCollisionProof>
		<ModelHash>167558631</ModelHash>
		<PositionRotation>
			<Z>95.537002563477</Z>
			<Y>4237.25</Y>
			<X>389.89199829102</X>
			<Roll>0.0</Roll>
			<Yaw>6.9990000724792</Yaw>
			<Pitch>0.0</Pitch>
		</PositionRotation>
		<HashName>stt_prop_stunt_track_short</HashName>
		<FrozenPos>true</FrozenPos>
		<InitialHandle>124530</InitialHandle>
	</Attachment>
	<Attachment>
		<IsCollisionProof>false</IsCollisionProof>
		<ModelHash>3906373800</ModelHash>
		<PositionRotation>
			<Z>139.41000366211</Z>
			<Y>4533.0400390625</Y>
			<X>-1342.501953125</X>
			<Roll>-29.996999740601</Roll>
			<Yaw>67.199996948242</Yaw>
			<Pitch>9.8582302143768e-07</Pitch>
		</PositionRotation>
		<HashName>stt_prop_track_speedup_t1</HashName>
		<FrozenPos>true</FrozenPos>
		<InitialHandle>122172</InitialHandle>
	</Attachment>
	<Attachment>
		<IsCollisionProof>false</IsCollisionProof>
		<ModelHash>3855610836</ModelHash>
		<PositionRotation>
			<Z>32.15599822998</Z>
			<Y>3947.7250976562</Y>
			<X>-91.125</X>
			<Roll>0.0</Roll>
			<Yaw>-53.001003265381</Yaw>
			<Pitch>0.0</Pitch>
		</PositionRotation>
		<HashName>stt_prop_track_bend_15d</HashName>
		<FrozenPos>true</FrozenPos>
		<InitialHandle>133450</InitialHandle>
	</Attachment>
	<Attachment>
		<IsCollisionProof>false</IsCollisionProof>
		<ModelHash>3239366293</ModelHash>
		<PositionRotation>
			<Z>90.58699798584</Z>
			<Y>4162.8071289062</Y>
			<X>399.01000976562</X>
			<Roll>0.0</Roll>
			<Yaw>6.9990000724792</Yaw>
			<Pitch>0.0</Pitch>
		</PositionRotation>
		<HashName>stt_prop_stunt_track_slope45</HashName>
		<FrozenPos>true</FrozenPos>
		<InitialHandle>134760</InitialHandle>
	</Attachment>
	<Attachment>
		<IsCollisionProof>false</IsCollisionProof>
		<ModelHash>3855610836</ModelHash>
		<PositionRotation>
			<Z>6.2220001220703</Z>
			<Y>4370.7421875</Y>
			<X>-1269.95703125</X>
			<Roll>1.0516588687897</Roll>
			<Yaw>-167.75979614258</Yaw>
			<Pitch>-1.4592459201813</Pitch>
		</PositionRotation>
		<HashName>stt_prop_track_bend_15d</HashName>
		<FrozenPos>true</FrozenPos>
		<InitialHandle>62521</InitialHandle>
	</Attachment>
	<Attachment>
		<IsCollisionProof>false</IsCollisionProof>
		<ModelHash>3515328436</ModelHash>
		<PositionRotation>
			<Z>42.353000640869</Z>
			<Y>3956.6398925781</Y>
			<X>404.83801269531</X>
			<Roll>-9.6000003814697</Roll>
			<Yaw>6.9990000724792</Yaw>
			<Pitch>0.0</Pitch>
		</PositionRotation>
		<HashName>stt_prop_stunt_tube_crn</HashName>
		<FrozenPos>true</FrozenPos>
		<InitialHandle>30471</InitialHandle>
	</Attachment>
	<Attachment>
		<IsCollisionProof>false</IsCollisionProof>
		<ModelHash>2024280490</ModelHash>
		<PositionRotation>
			<Z>159.78300476074</Z>
			<Y>3967.0070800781</Y>
			<X>-176.99899291992</X>
			<Roll>-89.001029968262</Roll>
			<Yaw>-123.9528503418</Yaw>
			<Pitch>-143.09396362305</Pitch>
		</PositionRotation>
		<HashName>stt_prop_stunt_track_st_01</HashName>
		<FrozenPos>true</FrozenPos>
		<InitialHandle>108870</InitialHandle>
	</Attachment>
	<Attachment>
		<IsCollisionProof>false</IsCollisionProof>
		<ModelHash>3906373800</ModelHash>
		<PositionRotation>
			<Z>50.89400100708</Z>
			<Y>4089.37109375</Y>
			<X>408.48999023438</X>
			<Roll>-35.0</Roll>
			<Yaw>-83.199996948242</Yaw>
			<Pitch>0.0</Pitch>
		</PositionRotation>
		<HashName>stt_prop_track_speedup_t1</HashName>
		<FrozenPos>true</FrozenPos>
		<InitialHandle>33128</InitialHandle>
	</Attachment>
	<Attachment>
		<IsCollisionProof>false</IsCollisionProof>
		<ModelHash>3855610836</ModelHash>
		<PositionRotation>
			<Z>32.15599822998</Z>
			<Y>3917.5668945312</Y>
			<X>-51.89400100708</X>
			<Roll>0.0</Roll>
			<Yaw>-38.000999450684</Yaw>
			<Pitch>0.0</Pitch>
		</PositionRotation>
		<HashName>stt_prop_track_bend_15d</HashName>
		<FrozenPos>true</FrozenPos>
		<InitialHandle>168293</InitialHandle>
	</Attachment>
	<Attachment>
		<IsCollisionProof>false</IsCollisionProof>
		<ModelHash>630616933</ModelHash>
		<PositionRotation>
			<Z>142.47700500488</Z>
			<Y>4829.8901367188</Y>
			<X>-362.40200805664</X>
			<Roll>0.0</Roll>
			<Yaw>-40.000011444092</Yaw>
			<Pitch>0.0</Pitch>
		</PositionRotation>
		<HashName>xm_prop_base_cabinet_door_01</HashName>
		<FrozenPos>true</FrozenPos>
		<InitialHandle>78638</InitialHandle>
	</Attachment>
	<Attachment>
		<IsCollisionProof>false</IsCollisionProof>
		<ModelHash>234083239</ModelHash>
		<PositionRotation>
			<Z>24.509000778198</Z>
			<Y>4563.6748046875</Y>
			<X>-1855.4429931641</X>
			<Roll>-0.7818768620491</Roll>
			<Yaw>37.255123138428</Yaw>
			<Pitch>1.0170946121216</Pitch>
		</PositionRotation>
		<HashName>stt_prop_stunt_track_dwuturn</HashName>
		<FrozenPos>true</FrozenPos>
		<InitialHandle>42045</InitialHandle>
	</Attachment>
	<Attachment>
		<IsCollisionProof>false</IsCollisionProof>
		<ModelHash>3855610836</ModelHash>
		<PositionRotation>
			<Z>32.15599822998</Z>
			<Y>3898.5900878906</Y>
			<X>-6.1950001716614</X>
			<Roll>0.0</Roll>
			<Yaw>-23.000999450684</Yaw>
			<Pitch>0.0</Pitch>
		</PositionRotation>
		<HashName>stt_prop_track_bend_15d</HashName>
		<FrozenPos>true</FrozenPos>
		<InitialHandle>82712</InitialHandle>
	</Attachment>
	<Attachment>
		<IsCollisionProof>false</IsCollisionProof>
		<ModelHash>3906373800</ModelHash>
		<PositionRotation>
			<Z>87.407997131348</Z>
			<Y>4041.0129394531</Y>
			<X>414.29699707031</X>
			<Roll>-65.001007080078</Roll>
			<Yaw>-83.198852539062</Yaw>
			<Pitch>-0.0023662480525672</Pitch>
		</PositionRotation>
		<HashName>stt_prop_track_speedup_t1</HashName>
		<FrozenPos>true</FrozenPos>
		<InitialHandle>119905</InitialHandle>
	</Attachment>
	<Attachment>
		<IsCollisionProof>false</IsCollisionProof>
		<ModelHash>1516660056</ModelHash>
		<PositionRotation>
			<Z>5.4670000076294</Z>
			<Y>4351.7509765625</Y>
			<X>-1314.9830322266</X>
			<Roll>-0.49189487099648</Roll>
			<Yaw>22.256828308105</Yaw>
			<Pitch>1.1850436925888</Pitch>
		</PositionRotation>
		<HashName>stt_prop_track_bend_5d</HashName>
		<FrozenPos>true</FrozenPos>
		<InitialHandle>17522</InitialHandle>
	</Attachment>
	<Attachment>
		<IsCollisionProof>false</IsCollisionProof>
		<ModelHash>3749387118</ModelHash>
		<PositionRotation>
			<Z>94.720001220703</Z>
			<Y>4240.1899414062</Y>
			<X>-1638.7249755859</X>
			<Roll>16.515857696533</Roll>
			<Yaw>-72.18017578125</Yaw>
			<Pitch>-176.1050567627</Pitch>
		</PositionRotation>
		<HashName>stt_prop_hoop_small_01</HashName>
		<FrozenPos>true</FrozenPos>
		<InitialHandle>34150</InitialHandle>
	</Attachment>
	<Attachment>
		<IsCollisionProof>false</IsCollisionProof>
		<ModelHash>3855610836</ModelHash>
		<PositionRotation>
			<Z>32.15599822998</Z>
			<Y>4183.62109375</Y>
			<X>-151.6909942627</X>
			<Roll>-0.0</Roll>
			<Yaw>96.999000549316</Yaw>
			<Pitch>0.0</Pitch>
		</PositionRotation>
		<HashName>stt_prop_track_bend_15d</HashName>
		<FrozenPos>true</FrozenPos>
		<InitialHandle>2407</InitialHandle>
	</Attachment>
	<Attachment>
		<IsCollisionProof>false</IsCollisionProof>
		<ModelHash>476379176</ModelHash>
		<PositionRotation>
			<Z>55.291000366211</Z>
			<Y>5612.298828125</Y>
			<X>2222.8830566406</X>
			<Roll>-0.0</Roll>
			<Yaw>15.324997901917</Yaw>
			<Pitch>0.50000005960464</Pitch>
		</PositionRotation>
		<HashName>xm_prop_x17dlc_rep_sign_01a</HashName>
		<FrozenPos>true</FrozenPos>
		<InitialHandle>164140</InitialHandle>
	</Attachment>
	<Attachment>
		<IsCollisionProof>false</IsCollisionProof>
		<ModelHash>2081936690</ModelHash>
		<PositionRotation>
			<Z>121.56600189209</Z>
			<Y>3995.044921875</Y>
			<X>-77.843002319336</X>
			<Roll>0.0</Roll>
			<Yaw>3.2000002861023</Yaw>
			<Pitch>0.0</Pitch>
		</PositionRotation>
		<HashName>stt_prop_stunt_tube_s</HashName>
		<FrozenPos>true</FrozenPos>
		<InitialHandle>20063</InitialHandle>
	</Attachment>
	<Attachment>
		<IsCollisionProof>false</IsCollisionProof>
		<ModelHash>1969602791</ModelHash>
		<PositionRotation>
			<Z>15.071999549866</Z>
			<Y>4481.1669921875</Y>
			<X>-1849.0639648438</X>
			<Roll>-0.7818768620491</Roll>
			<Yaw>37.255123138428</Yaw>
			<Pitch>1.0170946121216</Pitch>
		</PositionRotation>
		<HashName>stt_prop_stunt_track_dwlink_02</HashName>
		<FrozenPos>true</FrozenPos>
		<InitialHandle>138083</InitialHandle>
	</Attachment>
	<Attachment>
		<IsCollisionProof>false</IsCollisionProof>
		<ModelHash>3855610836</ModelHash>
		<PositionRotation>
			<Z>32.15599822998</Z>
			<Y>3892.087890625</Y>
			<X>42.858001708984</X>
			<Roll>0.0</Roll>
			<Yaw>-8.0010004043579</Yaw>
			<Pitch>0.0</Pitch>
		</PositionRotation>
		<HashName>stt_prop_track_bend_15d</HashName>
		<FrozenPos>true</FrozenPos>
		<InitialHandle>162402</InitialHandle>
	</Attachment>
	<Attachment>
		<IsCollisionProof>false</IsCollisionProof>
		<ModelHash>3065490245</ModelHash>
		<PositionRotation>
			<Z>32.154998779297</Z>
			<Y>3903.7680664062</Y>
			<X>159.79299926758</X>
			<Roll>0.0</Roll>
			<Yaw>6.9990000724792</Yaw>
			<Pitch>0.0</Pitch>
		</PositionRotation>
		<HashName>stt_prop_race_start_line_01b</HashName>
		<FrozenPos>true</FrozenPos>
		<InitialHandle>61998</InitialHandle>
	</Attachment>
	<Attachment>
		<IsCollisionProof>false</IsCollisionProof>
		<ModelHash>3855610836</ModelHash>
		<PositionRotation>
			<Z>5.0720000267029</Z>
			<Y>4334.3452148438</Y>
			<X>-1361.6109619141</X>
			<Roll>-0.16895833611488</Roll>
			<Yaw>7.2602496147156</Yaw>
			<Pitch>1.2720053195953</Pitch>
		</PositionRotation>
		<HashName>stt_prop_track_bend_15d</HashName>
		<FrozenPos>true</FrozenPos>
		<InitialHandle>145009</InitialHandle>
	</Attachment>
	<Attachment>
		<IsCollisionProof>false</IsCollisionProof>
		<ModelHash>702363064</ModelHash>
		<PositionRotation>
			<Z>-17.715999603271</Z>
			<Y>4425.2421875</Y>
			<X>-334.10501098633</X>
			<Roll>0.0</Roll>
			<Yaw>36.999000549316</Yaw>
			<Pitch>0.0</Pitch>
		</PositionRotation>
		<HashName>stt_prop_stunt_track_sh30</HashName>
		<FrozenPos>true</FrozenPos>
		<InitialHandle>123244</InitialHandle>
	</Attachment>
	<Attachment>
		<IsCollisionProof>false</IsCollisionProof>
		<ModelHash>3855610836</ModelHash>
		<PositionRotation>
			<Z>4.9169998168945</Z>
			<Y>4327.70703125</Y>
			<X>-1410.6459960938</X>
			<Roll>0.16595910489559</Roll>
			<Yaw>-7.7363147735596</Yaw>
			<Pitch>1.2720053195953</Pitch>
		</PositionRotation>
		<HashName>stt_prop_track_bend_15d</HashName>
		<FrozenPos>true</FrozenPos>
		<InitialHandle>135732</InitialHandle>
	</Attachment>
	<Attachment>
		<IsCollisionProof>false</IsCollisionProof>
		<ModelHash>702363064</ModelHash>
		<PositionRotation>
			<Z>-17.716999053955</Z>
			<Y>4433.3618164062</Y>
			<X>-355.01699829102</X>
			<Roll>0.0</Roll>
			<Yaw>66.998001098633</Yaw>
			<Pitch>0.0</Pitch>
		</PositionRotation>
		<HashName>stt_prop_stunt_track_sh30</HashName>
		<FrozenPos>true</FrozenPos>
		<InitialHandle>74309</InitialHandle>
	</Attachment>
	<Attachment>
		<IsCollisionProof>false</IsCollisionProof>
		<ModelHash>3112671222</ModelHash>
		<PositionRotation>
			<Z>16.58099937439</Z>
			<Y>4421.4282226562</Y>
			<X>-1803.6839599609</X>
			<Roll>-0.7818768620491</Roll>
			<Yaw>37.255123138428</Yaw>
			<Pitch>1.0170946121216</Pitch>
		</PositionRotation>
		<HashName>stt_prop_stunt_track_hill2</HashName>
		<FrozenPos>true</FrozenPos>
		<InitialHandle>28524</InitialHandle>
	</Attachment>
	<Attachment>
		<IsCollisionProof>false</IsCollisionProof>
		<ModelHash>138278167</ModelHash>
		<PositionRotation>
			<Z>139.89300537109</Z>
			<Y>4048.2409667969</Y>
			<X>16.660999298096</X>
			<Roll>-20.160076141357</Roll>
			<Yaw>-26.877317428589</Yaw>
			<Pitch>-11.350820541382</Pitch>
		</PositionRotation>
		<HashName>stt_prop_stunt_tube_crn2</HashName>
		<FrozenPos>true</FrozenPos>
		<InitialHandle>105592</InitialHandle>
	</Attachment>
	<Attachment>
		<IsCollisionProof>false</IsCollisionProof>
		<ModelHash>3411760324</ModelHash>
		<PositionRotation>
			<Z>44.169944763184</Z>
			<Y>3715.2265625</Y>
			<X>74.537841796875</X>
			<Roll>-0.0</Roll>
			<Yaw>168.39933776855</Yaw>
			<Pitch>0.0</Pitch>
		</PositionRotation>
		<HashName></HashName>
		<FrozenPos>true</FrozenPos>
		<InitialHandle>52333</InitialHandle>
	</Attachment>
	<Attachment>
		<IsCollisionProof>false</IsCollisionProof>
		<ModelHash>1317858860</ModelHash>
		<PositionRotation>
			<Z>145.07800292969</Z>
			<Y>4215.5942382812</Y>
			<X>392.58599853516</X>
			<Roll>0.0</Roll>
			<Yaw>-83.199996948242</Yaw>
			<Pitch>0.0</Pitch>
		</PositionRotation>
		<HashName>stt_prop_stunt_bblock_mdm3</HashName>
		<FrozenPos>true</FrozenPos>
		<InitialHandle>24420</InitialHandle>
	</Attachment>
	<Attachment>
		<IsCollisionProof>false</IsCollisionProof>
		<ModelHash>4286165777</ModelHash>
		<PositionRotation>
			<Z>32.15599822998</Z>
			<Y>3921.7019042969</Y>
			<X>305.94900512695</X>
			<Roll>0.0</Roll>
			<Yaw>6.9990000724792</Yaw>
			<Pitch>0.0</Pitch>
		</PositionRotation>
		<HashName>stt_prop_track_straight_lm</HashName>
		<FrozenPos>true</FrozenPos>
		<InitialHandle>105831</InitialHandle>
	</Attachment>
	<Attachment>
		<IsCollisionProof>false</IsCollisionProof>
		<ModelHash>430430733</ModelHash>
		<PositionRotation>
			<Z>147.1490020752</Z>
			<Y>4248.3251953125</Y>
			<X>161.83500671387</X>
			<Roll>0.0</Roll>
			<Yaw>6.9990000724792</Yaw>
			<Pitch>0.0</Pitch>
		</PositionRotation>
		<HashName>stt_prop_stunt_track_uturn</HashName>
		<FrozenPos>true</FrozenPos>
		<InitialHandle>51297</InitialHandle>
	</Attachment>
	<Attachment>
		<IsCollisionProof>false</IsCollisionProof>
		<ModelHash>1152255454</ModelHash>
		<PositionRotation>
			<Z>-17.791999816895</Z>
			<Y>4428.373046875</Y>
			<X>-409.41799926758</X>
			<Roll>-0.0</Roll>
			<Yaw>96.998001098633</Yaw>
			<Pitch>0.0</Pitch>
		</PositionRotation>
		<HashName>stt_prop_stunt_track_straight</HashName>
		<FrozenPos>true</FrozenPos>
		<InitialHandle>5746</InitialHandle>
	</Attachment>
	<Attachment>
		<IsCollisionProof>false</IsCollisionProof>
		<ModelHash>76075630</ModelHash>
		<PositionRotation>
			<Z>42.018157958984</Z>
			<Y>3687.056640625</Y>
			<X>17.351062774658</X>
			<Roll>0.0</Roll>
			<Yaw>0.0</Yaw>
			<Pitch>0.0</Pitch>
		</PositionRotation>
		<HashName></HashName>
		<FrozenPos>true</FrozenPos>
		<InitialHandle>136223</InitialHandle>
	</Attachment>
	<Attachment>
		<IsCollisionProof>false</IsCollisionProof>
		<ModelHash>1431235846</ModelHash>
		<PositionRotation>
			<Z>142.91400146484</Z>
			<Y>4212.0478515625</Y>
			<X>393.2799987793</X>
			<Roll>-0.0</Roll>
			<Yaw>95.198997497559</Yaw>
			<Pitch>0.0</Pitch>
		</PositionRotation>
		<HashName>stt_prop_track_slowdown_t1</HashName>
		<FrozenPos>true</FrozenPos>
		<InitialHandle>119662</InitialHandle>
	</Attachment>
	<Attachment>
		<IsCollisionProof>false</IsCollisionProof>
		<ModelHash>3763623269</ModelHash>
		<PositionRotation>
			<Z>33.785285949707</Z>
			<Y>3626.4262695312</Y>
			<X>1372.3170166016</X>
			<Roll>2.9028911590576</Roll>
			<Yaw>111.07470703125</Yaw>
			<Pitch>-0.083602741360664</Pitch>
		</PositionRotation>
		<HashName>prop_tanktrailer_01a</HashName>
		<FrozenPos>true</FrozenPos>
		<InitialHandle>127848</InitialHandle>
	</Attachment>
	<Attachment>
		<IsCollisionProof>false</IsCollisionProof>
		<ModelHash>3855610836</ModelHash>
		<PositionRotation>
			<Z>5.0520000457764</Z>
			<Y>4333.9819335938</Y>
			<X>-1459.7280273438</X>
			<Roll>0.48989504575729</Roll>
			<Yaw>-22.732858657837</Yaw>
			<Pitch>1.1860432624817</Pitch>
		</PositionRotation>
		<HashName>stt_prop_track_bend_15d</HashName>
		<FrozenPos>true</FrozenPos>
		<InitialHandle>143902</InitialHandle>
	</Attachment>
	<Attachment>
		<IsCollisionProof>false</IsCollisionProof>
		<ModelHash>2975572692</ModelHash>
		<PositionRotation>
			<Z>-44.518001556396</Z>
			<Y>4348.2138671875</Y>
			<X>-1498.9019775391</X>
			<Roll>-1.1859567165375</Roll>
			<Yaw>67.256851196289</Yaw>
			<Pitch>0.49010497331619</Pitch>
		</PositionRotation>
		<HashName>stt_prop_stunt_track_link</HashName>
		<FrozenPos>true</FrozenPos>
		<InitialHandle>147561</InitialHandle>
	</Attachment>
	<Attachment>
		<IsCollisionProof>false</IsCollisionProof>
		<ModelHash>1765283457</ModelHash>
		<PositionRotation>
			<Z>37.221313476562</Z>
			<Y>4078.4235839844</Y>
			<X>2448.0419921875</X>
			<Roll>-1.4546842575073</Roll>
			<Yaw>163.78349304199</Yaw>
			<Pitch>-4.4973049163818</Pitch>
		</PositionRotation>
		<HashName>prop_container_05a</HashName>
		<FrozenPos>true</FrozenPos>
		<InitialHandle>113779</InitialHandle>
	</Attachment>
	<Attachment>
		<IsCollisionProof>false</IsCollisionProof>
		<ModelHash>1516660056</ModelHash>
		<PositionRotation>
			<Z>32.154998779297</Z>
			<Y>4420.83984375</Y>
			<X>-479.47698974609</X>
			<Roll>0.0</Roll>
			<Yaw>1.9980000257492</Yaw>
			<Pitch>0.0</Pitch>
		</PositionRotation>
		<HashName>stt_prop_track_bend_5d</HashName>
		<FrozenPos>true</FrozenPos>
		<InitialHandle>10274</InitialHandle>
	</Attachment>
	<Attachment>
		<IsCollisionProof>false</IsCollisionProof>
		<ModelHash>3312800118</ModelHash>
		<PositionRotation>
			<Z>10.359000205994</Z>
			<Y>4377.9130859375</Y>
			<X>-1572.6910400391</X>
			<Roll>-1.1859567165375</Roll>
			<Yaw>67.256851196289</Yaw>
			<Pitch>0.49010497331619</Pitch>
		</PositionRotation>
		<HashName>stt_prop_stunt_track_slope30</HashName>
		<FrozenPos>true</FrozenPos>
		<InitialHandle>40050</InitialHandle>
	</Attachment>
	<Attachment>
		<IsCollisionProof>false</IsCollisionProof>
		<ModelHash>100090969</ModelHash>
		<PositionRotation>
			<Z>13.546999931335</Z>
			<Y>4412.6328125</Y>
			<X>-1655.6789550781</X>
			<Roll>-1.1859567165375</Roll>
			<Yaw>67.256851196289</Yaw>
			<Pitch>0.49010497331619</Pitch>
		</PositionRotation>
		<HashName>stt_prop_stunt_track_dwlink</HashName>
		<FrozenPos>true</FrozenPos>
		<InitialHandle>2666</InitialHandle>
	</Attachment>
	<Attachment>
		<IsCollisionProof>false</IsCollisionProof>
		<ModelHash>1765283457</ModelHash>
		<PositionRotation>
			<Z>37.303298950195</Z>
			<Y>4079.2136230469</Y>
			<X>2444.8864746094</X>
			<Roll>-2.1232306957245</Roll>
			<Yaw>159.77548217773</Yaw>
			<Pitch>-4.4601716995239</Pitch>
		</PositionRotation>
		<HashName>prop_container_05a</HashName>
		<FrozenPos>true</FrozenPos>
		<InitialHandle>48434</InitialHandle>
	</Attachment>
	<Attachment>
		<IsCollisionProof>false</IsCollisionProof>
		<ModelHash>3968285383</ModelHash>
		<PositionRotation>
			<Z>43.086685180664</Z>
			<Y>3655.9653320312</Y>
			<X>73.275856018066</X>
			<Roll>0.0</Roll>
			<Yaw>0.0</Yaw>
			<Pitch>0.0</Pitch>
		</PositionRotation>
		<HashName></HashName>
		<FrozenPos>true</FrozenPos>
		<InitialHandle>158315</InitialHandle>
	</Attachment>
	<Attachment>
		<IsCollisionProof>false</IsCollisionProof>
		<ModelHash>138278167</ModelHash>
		<PositionRotation>
			<Z>127.28199768066</Z>
			<Y>4062.9169921875</Y>
			<X>-17.552000045776</X>
			<Roll>-16.271625518799</Roll>
			<Yaw>-74.22647857666</Yaw>
			<Pitch>12.465872764587</Pitch>
		</PositionRotation>
		<HashName>stt_prop_stunt_tube_crn2</HashName>
		<FrozenPos>true</FrozenPos>
		<InitialHandle>19559</InitialHandle>
	</Attachment>
	<Attachment>
		<IsCollisionProof>false</IsCollisionProof>
		<ModelHash>2670069674</ModelHash>
		<PositionRotation>
			<Z>40.462139129639</Z>
			<Y>3668.2817382812</Y>
			<X>24.678680419922</X>
			<Roll>0.0</Roll>
			<Yaw>0.0</Yaw>
			<Pitch>0.0</Pitch>
		</PositionRotation>
		<HashName></HashName>
		<FrozenPos>true</FrozenPos>
		<InitialHandle>60735</InitialHandle>
	</Attachment>
	<Attachment>
		<IsCollisionProof>false</IsCollisionProof>
		<ModelHash>393214012</ModelHash>
		<PositionRotation>
			<Z>41.993721008301</Z>
			<Y>3647.3081054688</Y>
			<X>36.340198516846</X>
			<Roll>0.0</Roll>
			<Yaw>0.0</Yaw>
			<Pitch>0.0</Pitch>
		</PositionRotation>
		<HashName></HashName>
		<FrozenPos>true</FrozenPos>
		<InitialHandle>22372</InitialHandle>
	</Attachment>
	<Attachment>
		<IsCollisionProof>false</IsCollisionProof>
		<ModelHash>3749387118</ModelHash>
		<PositionRotation>
			<Z>85.170997619629</Z>
			<Y>4191.9482421875</Y>
			<X>-1576.3409423828</X>
			<Roll>-0.61317801475525</Roll>
			<Yaw>6.3631782531738</Yaw>
			<Pitch>-163.05400085449</Pitch>
		</PositionRotation>
		<HashName>stt_prop_hoop_small_01</HashName>
		<FrozenPos>true</FrozenPos>
		<InitialHandle>19304</InitialHandle>
	</Attachment>
	<Attachment>
		<IsCollisionProof>false</IsCollisionProof>
		<ModelHash>1010190776</ModelHash>
		<PositionRotation>
			<Z>13.848999977112</Z>
			<Y>4426.3120117188</Y>
			<X>-1688.0620117188</X>
			<Roll>1.018905878067</Roll>
			<Yaw>-127.74488067627</Yaw>
			<Pitch>-0.78012335300446</Pitch>
		</PositionRotation>
		<HashName>stt_prop_stunt_track_dwsh15</HashName>
		<FrozenPos>true</FrozenPos>
		<InitialHandle>109658</InitialHandle>
	</Attachment>
	<Attachment>
		<IsCollisionProof>false</IsCollisionProof>
		<ModelHash>568446997</ModelHash>
		<PositionRotation>
			<Z>107.35800170898</Z>
			<Y>3948.4829101562</Y>
			<X>-518.98101806641</X>
			<Roll>-85.29231262207</Roll>
			<Yaw>5.1262187957764</Yaw>
			<Pitch>-87.436889648438</Pitch>
		</PositionRotation>
		<HashName>stt_prop_stunt_bblock_huge_02</HashName>
		<FrozenPos>true</FrozenPos>
		<InitialHandle>140869</InitialHandle>
	</Attachment>
	<Attachment>
		<IsCollisionProof>false</IsCollisionProof>
		<ModelHash>3515328436</ModelHash>
		<PositionRotation>
			<Z>155.51800537109</Z>
			<Y>4284.1171875</Y>
			<X>156.51699829102</X>
			<Roll>-0.0</Roll>
			<Yaw>141.59800720215</Yaw>
			<Pitch>0.0</Pitch>
		</PositionRotation>
		<HashName>stt_prop_stunt_tube_crn</HashName>
		<FrozenPos>true</FrozenPos>
		<InitialHandle>158073</InitialHandle>
	</Attachment>
	<Attachment>
		<IsCollisionProof>false</IsCollisionProof>
		<ModelHash>1010190776</ModelHash>
		<PositionRotation>
			<Z>14.020000457764</Z>
			<Y>4434.0209960938</Y>
			<X>-1699.1739501953</X>
			<Roll>0.7818768620491</Roll>
			<Yaw>-142.74487304688</Yaw>
			<Pitch>-1.0170944929123</Pitch>
		</PositionRotation>
		<HashName>stt_prop_stunt_track_dwsh15</HashName>
		<FrozenPos>true</FrozenPos>
		<InitialHandle>128825</InitialHandle>
	</Attachment>
	<Attachment>
		<IsCollisionProof>false</IsCollisionProof>
		<ModelHash>116832542</ModelHash>
		<PositionRotation>
			<Z>41.825603485107</Z>
			<Y>3705.1281738281</Y>
			<X>80.413330078125</X>
			<Roll>0.0</Roll>
			<Yaw>0.0</Yaw>
			<Pitch>0.0</Pitch>
		</PositionRotation>
		<HashName></HashName>
		<FrozenPos>true</FrozenPos>
		<InitialHandle>23141</InitialHandle>
	</Attachment>
	<Attachment>
		<IsCollisionProof>false</IsCollisionProof>
		<ModelHash>3176209716</ModelHash>
		<PositionRotation>
			<Z>106.70400238037</Z>
			<Y>4714.5161132812</Y>
			<X>-2006.041015625</X>
			<Roll>0.0</Roll>
			<Yaw>-53.0</Yaw>
			<Pitch>0.0</Pitch>
		</PositionRotation>
		<HashName>ind_prop_firework_03</HashName>
		<FrozenPos>true</FrozenPos>
		<InitialHandle>40469</InitialHandle>
	</Attachment>
	<Attachment>
		<IsCollisionProof>false</IsCollisionProof>
		<ModelHash>2481871486</ModelHash>
		<PositionRotation>
			<Z>63.035999298096</Z>
			<Y>4352.5170898438</Y>
			<X>-1749.7290039062</X>
			<Roll>0.0</Roll>
			<Yaw>-47.400001525879</Yaw>
			<Pitch>0.0</Pitch>
		</PositionRotation>
		<HashName>stt_prop_race_gantry_01</HashName>
		<FrozenPos>true</FrozenPos>
		<InitialHandle>32355</InitialHandle>
	</Attachment>
	<Attachment>
		<IsCollisionProof>false</IsCollisionProof>
		<ModelHash>3515328436</ModelHash>
		<PositionRotation>
			<Z>159.04800415039</Z>
			<Y>4180.2739257812</Y>
			<X>260.30801391602</X>
			<Roll>0.0</Roll>
			<Yaw>-40.001998901367</Yaw>
			<Pitch>0.0</Pitch>
		</PositionRotation>
		<HashName>stt_prop_stunt_tube_crn</HashName>
		<FrozenPos>true</FrozenPos>
		<InitialHandle>16174</InitialHandle>
	</Attachment>
	<Attachment>
		<IsCollisionProof>false</IsCollisionProof>
		<ModelHash>1877510934</ModelHash>
		<PositionRotation>
			<Z>123.28299713135</Z>
			<Y>4008.1960449219</Y>
			<X>2.2269999980927</X>
			<Roll>86.94539642334</Roll>
			<Yaw>-132.40805053711</Yaw>
			<Pitch>-45.842777252197</Pitch>
		</PositionRotation>
		<HashName>stt_prop_tyre_wall_01</HashName>
		<FrozenPos>true</FrozenPos>
		<InitialHandle>87861</InitialHandle>
	</Attachment>
	<Attachment>
		<IsCollisionProof>false</IsCollisionProof>
		<ModelHash>3268005617</ModelHash>
		<PositionRotation>
			<Z>40.629707336426</Z>
			<Y>3631.6181640625</Y>
			<X>55.935802459717</X>
			<Roll>0.0</Roll>
			<Yaw>0.0</Yaw>
			<Pitch>0.0</Pitch>
		</PositionRotation>
		<HashName></HashName>
		<FrozenPos>true</FrozenPos>
		<InitialHandle>102750</InitialHandle>
	</Attachment>
	<Attachment>
		<IsCollisionProof>false</IsCollisionProof>
		<ModelHash>324915988</ModelHash>
		<PositionRotation>
			<Z>41.085845947266</Z>
			<Y>3631.71875</Y>
			<X>58.239418029785</X>
			<Roll>0.0</Roll>
			<Yaw>0.0</Yaw>
			<Pitch>0.0</Pitch>
		</PositionRotation>
		<HashName></HashName>
		<FrozenPos>true</FrozenPos>
		<InitialHandle>13422</InitialHandle>
	</Attachment>
	<Attachment>
		<IsCollisionProof>false</IsCollisionProof>
		<ModelHash>1429755300</ModelHash>
		<PositionRotation>
			<Z>41.99097442627</Z>
			<Y>3726.5900878906</Y>
			<X>88.034774780273</X>
			<Roll>0.0</Roll>
			<Yaw>0.0</Yaw>
			<Pitch>0.0</Pitch>
		</PositionRotation>
		<HashName></HashName>
		<FrozenPos>true</FrozenPos>
		<InitialHandle>9572</InitialHandle>
	</Attachment>
</SpoonerPlacements>
